Event,Study_type,Species,Species.UID.URL,Date.start.of.experiment,Date.end.of.experiment,Experiment,Treatment,Individual,body_length_um,growth_rate_um/day,T_target,pH_target,Li_target,T_measured,pH_TS_insitu,Lithium_measured_mg/L,pH_NBS,temp,TA1,TA2,meanALK,pHTS1,pHTS2,mean_pH_TS,flag_seacarb,S,Patm,CO2,fCO2,pCO2,fCO2pot,pCO2pot,fCO2insitu,pCO2insitu,HCO3,CO3,DIC,ALK,OmegaAragonite,OmegaCalcite
P_lividus_2022,Laboratory microcosm experiment,Paracentrotus lividus,marinespecies.org/aphia.php?p=taxdetails&id=124326,27-10-2022,31-10-2022,experiment1_single_driver,SL1,1,375.664,72.666,20,8.1,0.18,19.7,7.982090787,0.19,8.01,20.1,2514.823,2517.818,2516.3205,7.9905,7.9737,7.9821,8,38,1,1.63E-05,511.19776,512.93629,511.19776,512.93629,511.19776,512.93629,0.002051592,0.000189728,0.002257576,0.002516321,2.892245909,4.43454237
P_lividus_2022,Laboratory microcosm experiment,Paracentrotus lividus,marinespecies.org/aphia.php?p=taxdetails&id=124326,27-10-2022,31-10-2022,experiment1_single_driver,SL1,2,391.75,76.6875,20,8.1,0.18,19.7,7.982090787,0.19,8.01,20.1,2514.823,2517.818,2516.3205,7.9905,7.9737,7.9821,8,38,1,1.63E-05,511.19776,512.93629,511.19776,512.93629,511.19776,512.93629,0.002051592,0.000189728,0.002257576,0.002516321,2.892245909,4.43454237
P_lividus_2022,Laboratory microcosm experiment,Paracentrotus lividus,marinespecies.org/aphia.php?p=taxdetails&id=124326,27-10-2022,31-10-2022,experiment1_single_driver,SL1,3,363.253,69.56325,20,8.1,0.18,19.7,7.982090787,0.19,8.01,20.1,2514.823,2517.818,2516.3205,7.9905,7.9737,7.9821,8,38,1,1.63E-05,511.19776,512.93629,511.19776,512.93629,511.19776,512.93629,0.002051592,0.000189728,0.002257576,0.002516321,2.892245909,4.43454237
P_lividus_2022,Laboratory microcosm experiment,Paracentrotus lividus,marinespecies.org/aphia.php?p=taxdetails&id=124326,27-10-2022,31-10-2022,experiment1_single_driver,SL1,4,351.954,66.7385,20,8.1,0.18,19.7,7.982090787,0.19,8.01,20.1,2514.823,2517.818,2516.3205,7.9905,7.9737,7.9821,8,38,1,1.63E-05,511.19776,512.93629,511.19776,512.93629,511.19776,512.93629,0.002051592,0.000189728,0.002257576,0.002516321,2.892245909,4.43454237
P_lividus_2022,Laboratory microcosm experiment,Paracentrotus lividus,marinespecies.org/aphia.php?p=taxdetails&id=124326,27-10-2022,31-10-2022,experiment1_single_driver,SL1,5,411.06,81.515,20,8.1,0.18,19.7,7.982090787,0.19,8.01,20.1,2514.823,2517.818,2516.3205,7.9905,7.9737,7.9821,8,38,1,1.63E-05,511.19776,512.93629,511.19776,512.93629,511.19776,512.93629,0.002051592,0.000189728,0.002257576,0.002516321,2.892245909,4.43454237
P_lividus_2022,Laboratory microcosm experiment,Paracentrotus lividus,marinespecies.org/aphia.php?p=taxdetails&id=124326,27-10-2022,31-10-2022,experiment1_single_driver,SL1,6,361.561,69.14025,20,8.1,0.18,19.7,7.982090787,0.19,8.01,20.1,2514.823,2517.818,2516.3205,7.9905,7.9737,7.9821,8,38,1,1.63E-05,511.19776,512.93629,511.19776,512.93629,511.19776,512.93629,0.002051592,0.000189728,0.002257576,0.002516321,2.892245909,4.43454237
P_lividus_2022,Laboratory microcosm experiment,Paracentrotus lividus,marinespecies.org/aphia.php?p=taxdetails&id=124326,27-10-2022,31-10-2022,experiment1_single_driver,SL1,7,380.694,73.9235,20,8.1,0.18,19.7,7.982090787,0.19,8.01,20.1,2514.823,2517.818,2516.3205,7.9905,7.9737,7.9821,8,38,1,1.63E-05,511.19776,512.93629,511.19776,512.93629,511.19776,512.93629,0.002051592,0.000189728,0.002257576,0.002516321,2.892245909,4.43454237
P_lividus_2022,Laboratory microcosm experiment,Paracentrotus lividus,marinespecies.org/aphia.php?p=taxdetails&id=124326,27-10-2022,31-10-2022,experiment1_single_driver,SL1,8,405.691,80.17275,20,8.1,0.18,19.7,7.982090787,0.19,8.01,20.1,2514.823,2517.818,2516.3205,7.9905,7.9737,7.9821,8,38,1,1.63E-05,511.19776,512.93629,511.19776,512.93629,511.19776,512.93629,0.002051592,0.000189728,0.002257576,0.002516321,2.892245909,4.43454237
P_lividus_2022,Laboratory microcosm experiment,Paracentrotus lividus,marinespecies.org/aphia.php?p=taxdetails&id=124326,27-10-2022,31-10-2022,experiment1_single_driver,SL1,9,366.065,70.26625,20,8.1,0.18,19.7,7.982090787,0.19,8.01,20.1,2514.823,2517.818,2516.3205,7.9905,7.9737,7.9821,8,38,1,1.63E-05,511.19776,512.93629,511.19776,512.93629,511.19776,512.93629,0.002051592,0.000189728,0.002257576,0.002516321,2.892245909,4.43454237
P_lividus_2022,Laboratory microcosm experiment,Paracentrotus lividus,marinespecies.org/aphia.php?p=taxdetails&id=124326,27-10-2022,31-10-2022,experiment1_single_driver,SL1,10,416.68,82.92,20,8.1,0.18,19.7,7.982090787,0.19,8.01,20.1,2514.823,2517.818,2516.3205,7.9905,7.9737,7.9821,8,38,1,1.63E-05,511.19776,512.93629,511.19776,512.93629,511.19776,512.93629,0.002051592,0.000189728,0.002257576,0.002516321,2.892245909,4.43454237
P_lividus_2022,Laboratory microcosm experiment,Paracentrotus lividus,marinespecies.org/aphia.php?p=taxdetails&id=124326,27-10-2022,31-10-2022,experiment1_single_driver,SL1,11,362.835,69.45875,20,8.1,0.18,19.7,7.982090787,0.19,8.01,20.1,2514.823,2517.818,2516.3205,7.9905,7.9737,7.9821,8,38,1,1.63E-05,511.19776,512.93629,511.19776,512.93629,511.19776,512.93629,0.002051592,0.000189728,0.002257576,0.002516321,2.892245909,4.43454237
P_lividus_2022,Laboratory microcosm experiment,Paracentrotus lividus,marinespecies.org/aphia.php?p=taxdetails&id=124326,27-10-2022,31-10-2022,experiment1_single_driver,SL1,12,380.779,73.94475,20,8.1,0.18,19.7,7.982090787,0.19,8.01,20.1,2514.823,2517.818,2516.3205,7.9905,7.9737,7.9821,8,38,1,1.63E-05,511.19776,512.93629,511.19776,512.93629,511.19776,512.93629,0.002051592,0.000189728,0.002257576,0.002516321,2.892245909,4.43454237
P_lividus_2022,Laboratory microcosm experiment,Paracentrotus lividus,marinespecies.org/aphia.php?p=taxdetails&id=124326,27-10-2022,31-10-2022,experiment1_single_driver,SL1,13,400.693,78.92325,20,8.1,0.18,19.7,7.982090787,0.19,8.01,20.1,2514.823,2517.818,2516.3205,7.9905,7.9737,7.9821,8,38,1,1.63E-05,511.19776,512.93629,511.19776,512.93629,511.19776,512.93629,0.002051592,0.000189728,0.002257576,0.002516321,2.892245909,4.43454237
P_lividus_2022,Laboratory microcosm experiment,Paracentrotus lividus,marinespecies.org/aphia.php?p=taxdetails&id=124326,27-10-2022,31-10-2022,experiment1_single_driver,SL1,14,410.96,81.49,20,8.1,0.18,19.7,7.982090787,0.19,8.01,20.1,2514.823,2517.818,2516.3205,7.9905,7.9737,7.9821,8,38,1,1.63E-05,511.19776,512.93629,511.19776,512.93629,511.19776,512.93629,0.002051592,0.000189728,0.002257576,0.002516321,2.892245909,4.43454237
P_lividus_2022,Laboratory microcosm experiment,Paracentrotus lividus,marinespecies.org/aphia.php?p=taxdetails&id=124326,27-10-2022,31-10-2022,experiment1_single_driver,SL1,15,393.044,77.011,20,8.1,0.18,19.7,7.982090787,0.19,8.01,20.1,2514.823,2517.818,2516.3205,7.9905,7.9737,7.9821,8,38,1,1.63E-05,511.19776,512.93629,511.19776,512.93629,511.19776,512.93629,0.002051592,0.000189728,0.002257576,0.002516321,2.892245909,4.43454237
P_lividus_2022,Laboratory microcosm experiment,Paracentrotus lividus,marinespecies.org/aphia.php?p=taxdetails&id=124326,27-10-2022,31-10-2022,experiment1_single_driver,SL1,16,379.868,73.717,20,8.1,0.18,19.7,7.982090787,0.19,8.01,20.1,2514.823,2517.818,2516.3205,7.9905,7.9737,7.9821,8,38,1,1.63E-05,511.19776,512.93629,511.19776,512.93629,511.19776,512.93629,0.002051592,0.000189728,0.002257576,0.002516321,2.892245909,4.43454237
P_lividus_2022,Laboratory microcosm experiment,Paracentrotus lividus,marinespecies.org/aphia.php?p=taxdetails&id=124326,27-10-2022,31-10-2022,experiment1_single_driver,SL1,17,358.194,68.2985,20,8.1,0.18,19.7,7.982090787,0.19,8.01,20.1,2514.823,2517.818,2516.3205,7.9905,7.9737,7.9821,8,38,1,1.63E-05,511.19776,512.93629,511.19776,512.93629,511.19776,512.93629,0.002051592,0.000189728,0.002257576,0.002516321,2.892245909,4.43454237
P_lividus_2022,Laboratory microcosm experiment,Paracentrotus lividus,marinespecies.org/aphia.php?p=taxdetails&id=124326,27-10-2022,31-10-2022,experiment1_single_driver,SL1,18,410.453,81.36325,20,8.1,0.18,19.7,7.982090787,0.19,8.01,20.1,2514.823,2517.818,2516.3205,7.9905,7.9737,7.9821,8,38,1,1.63E-05,511.19776,512.93629,511.19776,512.93629,511.19776,512.93629,0.002051592,0.000189728,0.002257576,0.002516321,2.892245909,4.43454237
P_lividus_2022,Laboratory microcosm experiment,Paracentrotus lividus,marinespecies.org/aphia.php?p=taxdetails&id=124326,27-10-2022,31-10-2022,experiment1_single_driver,SL1,19,356.91,67.9775,20,8.1,0.18,19.7,7.982090787,0.19,8.01,20.1,2514.823,2517.818,2516.3205,7.9905,7.9737,7.9821,8,38,1,1.63E-05,511.19776,512.93629,511.19776,512.93629,511.19776,512.93629,0.002051592,0.000189728,0.002257576,0.002516321,2.892245909,4.43454237
P_lividus_2022,Laboratory microcosm experiment,Paracentrotus lividus,marinespecies.org/aphia.php?p=taxdetails&id=124326,27-10-2022,31-10-2022,experiment1_single_driver,SL1,20,348.714,65.9285,20,8.1,0.18,19.7,7.982090787,0.19,8.01,20.1,2514.823,2517.818,2516.3205,7.9905,7.9737,7.9821,8,38,1,1.63E-05,511.19776,512.93629,511.19776,512.93629,511.19776,512.93629,0.002051592,0.000189728,0.002257576,0.002516321,2.892245909,4.43454237
P_lividus_2022,Laboratory microcosm experiment,Paracentrotus lividus,marinespecies.org/aphia.php?p=taxdetails&id=124327,27-10-2022,31-10-2022,experiment1_single_driver,SL2,1,372.61,71.9025,20,8.1,3,19.7,7.989891021,3,8.01,20.1,2510.366,2504.257,2507.3115,7.9989,7.981,7.9899,8,38,1,1.59E-05,498.5641,500.25963,498.5641,500.25963,498.5641,500.25964,0.002037151,0.000191807,0.002244811,0.002507312,2.923932032,4.483125187
P_lividus_2022,Laboratory microcosm experiment,Paracentrotus lividus,marinespecies.org/aphia.php?p=taxdetails&id=124327,27-10-2022,31-10-2022,experiment1_single_driver,SL2,2,355.235,67.55875,20,8.1,3,19.7,7.989891021,3,8.01,20.1,2510.366,2504.257,2507.3115,7.9989,7.981,7.9899,8,38,1,1.59E-05,498.5641,500.25963,498.5641,500.25963,498.5641,500.25964,0.002037151,0.000191807,0.002244811,0.002507312,2.923932032,4.483125187
P_lividus_2022,Laboratory microcosm experiment,Paracentrotus lividus,marinespecies.org/aphia.php?p=taxdetails&id=124327,27-10-2022,31-10-2022,experiment1_single_driver,SL2,3,373.411,72.10275,20,8.1,3,19.7,7.989891021,3,8.01,20.1,2510.366,2504.257,2507.3115,7.9989,7.981,7.9899,8,38,1,1.59E-05,498.5641,500.25963,498.5641,500.25963,498.5641,500.25964,0.002037151,0.000191807,0.002244811,0.002507312,2.923932032,4.483125187
P_lividus_2022,Laboratory microcosm experiment,Paracentrotus lividus,marinespecies.org/aphia.php?p=taxdetails&id=124327,27-10-2022,31-10-2022,experiment1_single_driver,SL2,4,357.189,68.04725,20,8.1,3,19.7,7.989891021,3,8.01,20.1,2510.366,2504.257,2507.3115,7.9989,7.981,7.9899,8,38,1,1.59E-05,498.5641,500.25963,498.5641,500.25963,498.5641,500.25964,0.002037151,0.000191807,0.002244811,0.002507312,2.923932032,4.483125187
P_lividus_2022,Laboratory microcosm experiment,Paracentrotus lividus,marinespecies.org/aphia.php?p=taxdetails&id=124327,27-10-2022,31-10-2022,experiment1_single_driver,SL2,5,361.552,69.138,20,8.1,3,19.7,7.989891021,3,8.01,20.1,2510.366,2504.257,2507.3115,7.9989,7.981,7.9899,8,38,1,1.59E-05,498.5641,500.25963,498.5641,500.25963,498.5641,500.25964,0.002037151,0.000191807,0.002244811,0.002507312,2.923932032,4.483125187
P_lividus_2022,Laboratory microcosm experiment,Paracentrotus lividus,marinespecies.org/aphia.php?p=taxdetails&id=124327,27-10-2022,31-10-2022,experiment1_single_driver,SL2,6,388.329,75.83225,20,8.1,3,19.7,7.989891021,3,8.01,20.1,2510.366,2504.257,2507.3115,7.9989,7.981,7.9899,8,38,1,1.59E-05,498.5641,500.25963,498.5641,500.25963,498.5641,500.25964,0.002037151,0.000191807,0.002244811,0.002507312,2.923932032,4.483125187
P_lividus_2022,Laboratory microcosm experiment,Paracentrotus lividus,marinespecies.org/aphia.php?p=taxdetails&id=124327,27-10-2022,31-10-2022,experiment1_single_driver,SL2,7,356.469,67.86725,20,8.1,3,19.7,7.989891021,3,8.01,20.1,2510.366,2504.257,2507.3115,7.9989,7.981,7.9899,8,38,1,1.59E-05,498.5641,500.25963,498.5641,500.25963,498.5641,500.25964,0.002037151,0.000191807,0.002244811,0.002507312,2.923932032,4.483125187
P_lividus_2022,Laboratory microcosm experiment,Paracentrotus lividus,marinespecies.org/aphia.php?p=taxdetails&id=124327,27-10-2022,31-10-2022,experiment1_single_driver,SL2,8,378.188,73.297,20,8.1,3,19.7,7.989891021,3,8.01,20.1,2510.366,2504.257,2507.3115,7.9989,7.981,7.9899,8,38,1,1.59E-05,498.5641,500.25963,498.5641,500.25963,498.5641,500.25964,0.002037151,0.000191807,0.002244811,0.002507312,2.923932032,4.483125187
P_lividus_2022,Laboratory microcosm experiment,Paracentrotus lividus,marinespecies.org/aphia.php?p=taxdetails&id=124327,27-10-2022,31-10-2022,experiment1_single_driver,SL2,9,364.969,69.99225,20,8.1,3,19.7,7.989891021,3,8.01,20.1,2510.366,2504.257,2507.3115,7.9989,7.981,7.9899,8,38,1,1.59E-05,498.5641,500.25963,498.5641,500.25963,498.5641,500.25964,0.002037151,0.000191807,0.002244811,0.002507312,2.923932032,4.483125187
P_lividus_2022,Laboratory microcosm experiment,Paracentrotus lividus,marinespecies.org/aphia.php?p=taxdetails&id=124327,27-10-2022,31-10-2022,experiment1_single_driver,SL2,10,395.669,77.66725,20,8.1,3,19.7,7.989891021,3,8.01,20.1,2510.366,2504.257,2507.3115,7.9989,7.981,7.9899,8,38,1,1.59E-05,498.5641,500.25963,498.5641,500.25963,498.5641,500.25964,0.002037151,0.000191807,0.002244811,0.002507312,2.923932032,4.483125187
P_lividus_2022,Laboratory microcosm experiment,Paracentrotus lividus,marinespecies.org/aphia.php?p=taxdetails&id=124327,27-10-2022,31-10-2022,experiment1_single_driver,SL2,11,379.569,73.64225,20,8.1,3,19.7,7.989891021,3,8.01,20.1,2510.366,2504.257,2507.3115,7.9989,7.981,7.9899,8,38,1,1.59E-05,498.5641,500.25963,498.5641,500.25963,498.5641,500.25964,0.002037151,0.000191807,0.002244811,0.002507312,2.923932032,4.483125187
P_lividus_2022,Laboratory microcosm experiment,Paracentrotus lividus,marinespecies.org/aphia.php?p=taxdetails&id=124327,27-10-2022,31-10-2022,experiment1_single_driver,SL2,12,397.259,78.06475,20,8.1,3,19.7,7.989891021,3,8.01,20.1,2510.366,2504.257,2507.3115,7.9989,7.981,7.9899,8,38,1,1.59E-05,498.5641,500.25963,498.5641,500.25963,498.5641,500.25964,0.002037151,0.000191807,0.002244811,0.002507312,2.923932032,4.483125187
P_lividus_2022,Laboratory microcosm experiment,Paracentrotus lividus,marinespecies.org/aphia.php?p=taxdetails&id=124327,27-10-2022,31-10-2022,experiment1_single_driver,SL2,13,396.785,77.94625,20,8.1,3,19.7,7.989891021,3,8.01,20.1,2510.366,2504.257,2507.3115,7.9989,7.981,7.9899,8,38,1,1.59E-05,498.5641,500.25963,498.5641,500.25963,498.5641,500.25964,0.002037151,0.000191807,0.002244811,0.002507312,2.923932032,4.483125187
P_lividus_2022,Laboratory microcosm experiment,Paracentrotus lividus,marinespecies.org/aphia.php?p=taxdetails&id=124327,27-10-2022,31-10-2022,experiment1_single_driver,SL2,14,375.611,72.65275,20,8.1,3,19.7,7.989891021,3,8.01,20.1,2510.366,2504.257,2507.3115,7.9989,7.981,7.9899,8,38,1,1.59E-05,498.5641,500.25963,498.5641,500.25963,498.5641,500.25964,0.002037151,0.000191807,0.002244811,0.002507312,2.923932032,4.483125187
P_lividus_2022,Laboratory microcosm experiment,Paracentrotus lividus,marinespecies.org/aphia.php?p=taxdetails&id=124328,27-10-2022,31-10-2022,experiment1_single_driver,SL3,1,381.407,74.10175,20,8.1,7,19.7,7.979190644,8,8,20.2,2506.789,2507.683,2507.236,7.9941,7.9643,7.9792,8,38,1,1.63E-05,513.30536,515.04889,513.30536,515.04889,513.30536,515.04889,0.002045071,0.000188573,0.002249921,0.002507236,2.875552037,4.40777605
P_lividus_2022,Laboratory microcosm experiment,Paracentrotus lividus,marinespecies.org/aphia.php?p=taxdetails&id=124328,27-10-2022,31-10-2022,experiment1_single_driver,SL3,2,395.294,77.5735,20,8.1,7,19.7,7.979190644,8,8,20.2,2506.789,2507.683,2507.236,7.9941,7.9643,7.9792,8,38,1,1.63E-05,513.30536,515.04889,513.30536,515.04889,513.30536,515.04889,0.002045071,0.000188573,0.002249921,0.002507236,2.875552037,4.40777605
P_lividus_2022,Laboratory microcosm experiment,Paracentrotus lividus,marinespecies.org/aphia.php?p=taxdetails&id=124328,27-10-2022,31-10-2022,experiment1_single_driver,SL3,3,389.993,76.24825,20,8.1,7,19.7,7.979190644,8,8,20.2,2506.789,2507.683,2507.236,7.9941,7.9643,7.9792,8,38,1,1.63E-05,513.30536,515.04889,513.30536,515.04889,513.30536,515.04889,0.002045071,0.000188573,0.002249921,0.002507236,2.875552037,4.40777605
P_lividus_2022,Laboratory microcosm experiment,Paracentrotus lividus,marinespecies.org/aphia.php?p=taxdetails&id=124328,27-10-2022,31-10-2022,experiment1_single_driver,SL3,4,378.402,73.3505,20,8.1,7,19.7,7.979190644,8,8,20.2,2506.789,2507.683,2507.236,7.9941,7.9643,7.9792,8,38,1,1.63E-05,513.30536,515.04889,513.30536,515.04889,513.30536,515.04889,0.002045071,0.000188573,0.002249921,0.002507236,2.875552037,4.40777605
P_lividus_2022,Laboratory microcosm experiment,Paracentrotus lividus,marinespecies.org/aphia.php?p=taxdetails&id=124328,27-10-2022,31-10-2022,experiment1_single_driver,SL3,5,386.895,75.47375,20,8.1,7,19.7,7.979190644,8,8,20.2,2506.789,2507.683,2507.236,7.9941,7.9643,7.9792,8,38,1,1.63E-05,513.30536,515.04889,513.30536,515.04889,513.30536,515.04889,0.002045071,0.000188573,0.002249921,0.002507236,2.875552037,4.40777605
P_lividus_2022,Laboratory microcosm experiment,Paracentrotus lividus,marinespecies.org/aphia.php?p=taxdetails&id=124328,27-10-2022,31-10-2022,experiment1_single_driver,SL3,6,365.982,70.2455,20,8.1,7,19.7,7.979190644,8,8,20.2,2506.789,2507.683,2507.236,7.9941,7.9643,7.9792,8,38,1,1.63E-05,513.30536,515.04889,513.30536,515.04889,513.30536,515.04889,0.002045071,0.000188573,0.002249921,0.002507236,2.875552037,4.40777605
P_lividus_2022,Laboratory microcosm experiment,Paracentrotus lividus,marinespecies.org/aphia.php?p=taxdetails&id=124328,27-10-2022,31-10-2022,experiment1_single_driver,SL3,7,391.972,76.743,20,8.1,7,19.7,7.979190644,8,8,20.2,2506.789,2507.683,2507.236,7.9941,7.9643,7.9792,8,38,1,1.63E-05,513.30536,515.04889,513.30536,515.04889,513.30536,515.04889,0.002045071,0.000188573,0.002249921,0.002507236,2.875552037,4.40777605
P_lividus_2022,Laboratory microcosm experiment,Paracentrotus lividus,marinespecies.org/aphia.php?p=taxdetails&id=124328,27-10-2022,31-10-2022,experiment1_single_driver,SL3,8,388.007,75.75175,20,8.1,7,19.7,7.979190644,8,8,20.2,2506.789,2507.683,2507.236,7.9941,7.9643,7.9792,8,38,1,1.63E-05,513.30536,515.04889,513.30536,515.04889,513.30536,515.04889,0.002045071,0.000188573,0.002249921,0.002507236,2.875552037,4.40777605
P_lividus_2022,Laboratory microcosm experiment,Paracentrotus lividus,marinespecies.org/aphia.php?p=taxdetails&id=124328,27-10-2022,31-10-2022,experiment1_single_driver,SL3,9,372.363,71.84075,20,8.1,7,19.7,7.979190644,8,8,20.2,2506.789,2507.683,2507.236,7.9941,7.9643,7.9792,8,38,1,1.63E-05,513.30536,515.04889,513.30536,515.04889,513.30536,515.04889,0.002045071,0.000188573,0.002249921,0.002507236,2.875552037,4.40777605
P_lividus_2022,Laboratory microcosm experiment,Paracentrotus lividus,marinespecies.org/aphia.php?p=taxdetails&id=124328,27-10-2022,31-10-2022,experiment1_single_driver,SL3,10,390.151,76.28775,20,8.1,7,19.7,7.979190644,8,8,20.2,2506.789,2507.683,2507.236,7.9941,7.9643,7.9792,8,38,1,1.63E-05,513.30536,515.04889,513.30536,515.04889,513.30536,515.04889,0.002045071,0.000188573,0.002249921,0.002507236,2.875552037,4.40777605
P_lividus_2022,Laboratory microcosm experiment,Paracentrotus lividus,marinespecies.org/aphia.php?p=taxdetails&id=124328,27-10-2022,31-10-2022,experiment1_single_driver,SL3,11,393.879,77.21975,20,8.1,7,19.7,7.979190644,8,8,20.2,2506.789,2507.683,2507.236,7.9941,7.9643,7.9792,8,38,1,1.63E-05,513.30536,515.04889,513.30536,515.04889,513.30536,515.04889,0.002045071,0.000188573,0.002249921,0.002507236,2.875552037,4.40777605
P_lividus_2022,Laboratory microcosm experiment,Paracentrotus lividus,marinespecies.org/aphia.php?p=taxdetails&id=124328,27-10-2022,31-10-2022,experiment1_single_driver,SL3,12,361.655,69.16375,20,8.1,7,19.7,7.979190644,8,8,20.2,2506.789,2507.683,2507.236,7.9941,7.9643,7.9792,8,38,1,1.63E-05,513.30536,515.04889,513.30536,515.04889,513.30536,515.04889,0.002045071,0.000188573,0.002249921,0.002507236,2.875552037,4.40777605
P_lividus_2022,Laboratory microcosm experiment,Paracentrotus lividus,marinespecies.org/aphia.php?p=taxdetails&id=124329,27-10-2022,31-10-2022,experiment1_single_driver,SL4,1,385.913,75.22825,20,8.1,10,19.7,7.98429081,12,8.01,20.1,2501.076,2494.895,2497.9855,7.996,7.9725,7.9843,8,38,1,1.60E-05,504.30405,506.01911,504.30405,506.01911,504.30405,506.01912,0.002034204,0.000189076,0.002239316,0.002497986,2.882296969,4.419288135
P_lividus_2022,Laboratory microcosm experiment,Paracentrotus lividus,marinespecies.org/aphia.php?p=taxdetails&id=124329,27-10-2022,31-10-2022,experiment1_single_driver,SL4,2,370.186,71.2965,20,8.1,10,19.7,7.98429081,12,8.01,20.1,2501.076,2494.895,2497.9855,7.996,7.9725,7.9843,8,38,1,1.60E-05,504.30405,506.01911,504.30405,506.01911,504.30405,506.01912,0.002034204,0.000189076,0.002239316,0.002497986,2.882296969,4.419288135
P_lividus_2022,Laboratory microcosm experiment,Paracentrotus lividus,marinespecies.org/aphia.php?p=taxdetails&id=124329,27-10-2022,31-10-2022,experiment1_single_driver,SL4,3,369.656,71.164,20,8.1,10,19.7,7.98429081,12,8.01,20.1,2501.076,2494.895,2497.9855,7.996,7.9725,7.9843,8,38,1,1.60E-05,504.30405,506.01911,504.30405,506.01911,504.30405,506.01912,0.002034204,0.000189076,0.002239316,0.002497986,2.882296969,4.419288135
P_lividus_2022,Laboratory microcosm experiment,Paracentrotus lividus,marinespecies.org/aphia.php?p=taxdetails&id=124329,27-10-2022,31-10-2022,experiment1_single_driver,SL4,4,377.675,73.16875,20,8.1,10,19.7,7.98429081,12,8.01,20.1,2501.076,2494.895,2497.9855,7.996,7.9725,7.9843,8,38,1,1.60E-05,504.30405,506.01911,504.30405,506.01911,504.30405,506.01912,0.002034204,0.000189076,0.002239316,0.002497986,2.882296969,4.419288135
P_lividus_2022,Laboratory microcosm experiment,Paracentrotus lividus,marinespecies.org/aphia.php?p=taxdetails&id=124329,27-10-2022,31-10-2022,experiment1_single_driver,SL4,5,393.241,77.06025,20,8.1,10,19.7,7.98429081,12,8.01,20.1,2501.076,2494.895,2497.9855,7.996,7.9725,7.9843,8,38,1,1.60E-05,504.30405,506.01911,504.30405,506.01911,504.30405,506.01912,0.002034204,0.000189076,0.002239316,0.002497986,2.882296969,4.419288135
P_lividus_2022,Laboratory microcosm experiment,Paracentrotus lividus,marinespecies.org/aphia.php?p=taxdetails&id=124329,27-10-2022,31-10-2022,experiment1_single_driver,SL4,6,354.207,67.30175,20,8.1,10,19.7,7.98429081,12,8.01,20.1,2501.076,2494.895,2497.9855,7.996,7.9725,7.9843,8,38,1,1.60E-05,504.30405,506.01911,504.30405,506.01911,504.30405,506.01912,0.002034204,0.000189076,0.002239316,0.002497986,2.882296969,4.419288135
P_lividus_2022,Laboratory microcosm experiment,Paracentrotus lividus,marinespecies.org/aphia.php?p=taxdetails&id=124329,27-10-2022,31-10-2022,experiment1_single_driver,SL4,7,341.91,64.2275,20,8.1,10,19.7,7.98429081,12,8.01,20.1,2501.076,2494.895,2497.9855,7.996,7.9725,7.9843,8,38,1,1.60E-05,504.30405,506.01911,504.30405,506.01911,504.30405,506.01912,0.002034204,0.000189076,0.002239316,0.002497986,2.882296969,4.419288135
P_lividus_2022,Laboratory microcosm experiment,Paracentrotus lividus,marinespecies.org/aphia.php?p=taxdetails&id=124329,27-10-2022,31-10-2022,experiment1_single_driver,SL4,8,332.817,61.95425,20,8.1,10,19.7,7.98429081,12,8.01,20.1,2501.076,2494.895,2497.9855,7.996,7.9725,7.9843,8,38,1,1.60E-05,504.30405,506.01911,504.30405,506.01911,504.30405,506.01912,0.002034204,0.000189076,0.002239316,0.002497986,2.882296969,4.419288135
P_lividus_2022,Laboratory microcosm experiment,Paracentrotus lividus,marinespecies.org/aphia.php?p=taxdetails&id=124329,27-10-2022,31-10-2022,experiment1_single_driver,SL4,9,347.103,65.52575,20,8.1,10,19.7,7.98429081,12,8.01,20.1,2501.076,2494.895,2497.9855,7.996,7.9725,7.9843,8,38,1,1.60E-05,504.30405,506.01911,504.30405,506.01911,504.30405,506.01912,0.002034204,0.000189076,0.002239316,0.002497986,2.882296969,4.419288135
P_lividus_2022,Laboratory microcosm experiment,Paracentrotus lividus,marinespecies.org/aphia.php?p=taxdetails&id=124329,27-10-2022,31-10-2022,experiment1_single_driver,SL4,10,384.627,74.90675,20,8.1,10,19.7,7.98429081,12,8.01,20.1,2501.076,2494.895,2497.9855,7.996,7.9725,7.9843,8,38,1,1.60E-05,504.30405,506.01911,504.30405,506.01911,504.30405,506.01912,0.002034204,0.000189076,0.002239316,0.002497986,2.882296969,4.419288135
P_lividus_2022,Laboratory microcosm experiment,Paracentrotus lividus,marinespecies.org/aphia.php?p=taxdetails&id=124329,27-10-2022,31-10-2022,experiment1_single_driver,SL4,11,407.257,80.56425,20,8.1,10,19.7,7.98429081,12,8.01,20.1,2501.076,2494.895,2497.9855,7.996,7.9725,7.9843,8,38,1,1.60E-05,504.30405,506.01911,504.30405,506.01911,504.30405,506.01912,0.002034204,0.000189076,0.002239316,0.002497986,2.882296969,4.419288135
P_lividus_2022,Laboratory microcosm experiment,Paracentrotus lividus,marinespecies.org/aphia.php?p=taxdetails&id=124329,27-10-2022,31-10-2022,experiment1_single_driver,SL4,12,355.362,67.5905,20,8.1,10,19.7,7.98429081,12,8.01,20.1,2501.076,2494.895,2497.9855,7.996,7.9725,7.9843,8,38,1,1.60E-05,504.30405,506.01911,504.30405,506.01911,504.30405,506.01912,0.002034204,0.000189076,0.002239316,0.002497986,2.882296969,4.419288135
P_lividus_2022,Laboratory microcosm experiment,Paracentrotus lividus,marinespecies.org/aphia.php?p=taxdetails&id=124329,27-10-2022,31-10-2022,experiment1_single_driver,SL4,13,377.721,73.18025,20,8.1,10,19.7,7.98429081,12,8.01,20.1,2501.076,2494.895,2497.9855,7.996,7.9725,7.9843,8,38,1,1.60E-05,504.30405,506.01911,504.30405,506.01911,504.30405,506.01912,0.002034204,0.000189076,0.002239316,0.002497986,2.882296969,4.419288135
P_lividus_2022,Laboratory microcosm experiment,Paracentrotus lividus,marinespecies.org/aphia.php?p=taxdetails&id=124329,27-10-2022,31-10-2022,experiment1_single_driver,SL4,14,385.136,75.034,20,8.1,10,19.7,7.98429081,12,8.01,20.1,2501.076,2494.895,2497.9855,7.996,7.9725,7.9843,8,38,1,1.60E-05,504.30405,506.01911,504.30405,506.01911,504.30405,506.01912,0.002034204,0.000189076,0.002239316,0.002497986,2.882296969,4.419288135
P_lividus_2022,Laboratory microcosm experiment,Paracentrotus lividus,marinespecies.org/aphia.php?p=taxdetails&id=124330,27-10-2022,31-10-2022,experiment1_single_driver,SL5,1,358.768,68.442,20,8.1,20,19.7,8.003291318,21,8.01,20.2,2493.209,2435.016,2464.1125,8.0054,8.0012,8.0033,8,38,1,1.50E-05,471.96024,473.56325,471.96024,473.56325,471.96024,473.56326,0.001987641,0.000193735,0.002196342,0.002464113,2.954274484,4.528445372
P_lividus_2022,Laboratory microcosm experiment,Paracentrotus lividus,marinespecies.org/aphia.php?p=taxdetails&id=124330,27-10-2022,31-10-2022,experiment1_single_driver,SL5,2,344.347,64.83675,20,8.1,20,19.7,8.003291318,21,8.01,20.2,2493.209,2435.016,2464.1125,8.0054,8.0012,8.0033,8,38,1,1.50E-05,471.96024,473.56325,471.96024,473.56325,471.96024,473.56326,0.001987641,0.000193735,0.002196342,0.002464113,2.954274484,4.528445372
P_lividus_2022,Laboratory microcosm experiment,Paracentrotus lividus,marinespecies.org/aphia.php?p=taxdetails&id=124330,27-10-2022,31-10-2022,experiment1_single_driver,SL5,3,349.348,66.087,20,8.1,20,19.7,8.003291318,21,8.01,20.2,2493.209,2435.016,2464.1125,8.0054,8.0012,8.0033,8,38,1,1.50E-05,471.96024,473.56325,471.96024,473.56325,471.96024,473.56326,0.001987641,0.000193735,0.002196342,0.002464113,2.954274484,4.528445372
P_lividus_2022,Laboratory microcosm experiment,Paracentrotus lividus,marinespecies.org/aphia.php?p=taxdetails&id=124330,27-10-2022,31-10-2022,experiment1_single_driver,SL5,4,376.232,72.808,20,8.1,20,19.7,8.003291318,21,8.01,20.2,2493.209,2435.016,2464.1125,8.0054,8.0012,8.0033,8,38,1,1.50E-05,471.96024,473.56325,471.96024,473.56325,471.96024,473.56326,0.001987641,0.000193735,0.002196342,0.002464113,2.954274484,4.528445372
P_lividus_2022,Laboratory microcosm experiment,Paracentrotus lividus,marinespecies.org/aphia.php?p=taxdetails&id=124330,27-10-2022,31-10-2022,experiment1_single_driver,SL5,5,374.584,72.396,20,8.1,20,19.7,8.003291318,21,8.01,20.2,2493.209,2435.016,2464.1125,8.0054,8.0012,8.0033,8,38,1,1.50E-05,471.96024,473.56325,471.96024,473.56325,471.96024,473.56326,0.001987641,0.000193735,0.002196342,0.002464113,2.954274484,4.528445372
P_lividus_2022,Laboratory microcosm experiment,Paracentrotus lividus,marinespecies.org/aphia.php?p=taxdetails&id=124330,27-10-2022,31-10-2022,experiment1_single_driver,SL5,6,362.189,69.29725,20,8.1,20,19.7,8.003291318,21,8.01,20.2,2493.209,2435.016,2464.1125,8.0054,8.0012,8.0033,8,38,1,1.50E-05,471.96024,473.56325,471.96024,473.56325,471.96024,473.56326,0.001987641,0.000193735,0.002196342,0.002464113,2.954274484,4.528445372
P_lividus_2022,Laboratory microcosm experiment,Paracentrotus lividus,marinespecies.org/aphia.php?p=taxdetails&id=124330,27-10-2022,31-10-2022,experiment1_single_driver,SL5,7,352.126,66.7815,20,8.1,20,19.7,8.003291318,21,8.01,20.2,2493.209,2435.016,2464.1125,8.0054,8.0012,8.0033,8,38,1,1.50E-05,471.96024,473.56325,471.96024,473.56325,471.96024,473.56326,0.001987641,0.000193735,0.002196342,0.002464113,2.954274484,4.528445372
P_lividus_2022,Laboratory microcosm experiment,Paracentrotus lividus,marinespecies.org/aphia.php?p=taxdetails&id=124330,27-10-2022,31-10-2022,experiment1_single_driver,SL5,8,350.987,66.49675,20,8.1,20,19.7,8.003291318,21,8.01,20.2,2493.209,2435.016,2464.1125,8.0054,8.0012,8.0033,8,38,1,1.50E-05,471.96024,473.56325,471.96024,473.56325,471.96024,473.56326,0.001987641,0.000193735,0.002196342,0.002464113,2.954274484,4.528445372
P_lividus_2022,Laboratory microcosm experiment,Paracentrotus lividus,marinespecies.org/aphia.php?p=taxdetails&id=124330,27-10-2022,31-10-2022,experiment1_single_driver,SL5,9,346.124,65.281,20,8.1,20,19.7,8.003291318,21,8.01,20.2,2493.209,2435.016,2464.1125,8.0054,8.0012,8.0033,8,38,1,1.50E-05,471.96024,473.56325,471.96024,473.56325,471.96024,473.56326,0.001987641,0.000193735,0.002196342,0.002464113,2.954274484,4.528445372
P_lividus_2022,Laboratory microcosm experiment,Paracentrotus lividus,marinespecies.org/aphia.php?p=taxdetails&id=124330,27-10-2022,31-10-2022,experiment1_single_driver,SL5,10,341.751,64.18775,20,8.1,20,19.7,8.003291318,21,8.01,20.2,2493.209,2435.016,2464.1125,8.0054,8.0012,8.0033,8,38,1,1.50E-05,471.96024,473.56325,471.96024,473.56325,471.96024,473.56326,0.001987641,0.000193735,0.002196342,0.002464113,2.954274484,4.528445372
P_lividus_2022,Laboratory microcosm experiment,Paracentrotus lividus,marinespecies.org/aphia.php?p=taxdetails&id=124330,27-10-2022,31-10-2022,experiment1_single_driver,SL5,11,346.909,65.47725,20,8.1,20,19.7,8.003291318,21,8.01,20.2,2493.209,2435.016,2464.1125,8.0054,8.0012,8.0033,8,38,1,1.50E-05,471.96024,473.56325,471.96024,473.56325,471.96024,473.56326,0.001987641,0.000193735,0.002196342,0.002464113,2.954274484,4.528445372
P_lividus_2022,Laboratory microcosm experiment,Paracentrotus lividus,marinespecies.org/aphia.php?p=taxdetails&id=124330,27-10-2022,31-10-2022,experiment1_single_driver,SL5,12,349.19,66.0475,20,8.1,20,19.7,8.003291318,21,8.01,20.2,2493.209,2435.016,2464.1125,8.0054,8.0012,8.0033,8,38,1,1.50E-05,471.96024,473.56325,471.96024,473.56325,471.96024,473.56326,0.001987641,0.000193735,0.002196342,0.002464113,2.954274484,4.528445372
P_lividus_2022,Laboratory microcosm experiment,Paracentrotus lividus,marinespecies.org/aphia.php?p=taxdetails&id=124330,27-10-2022,31-10-2022,experiment1_single_driver,SL5,13,336.738,62.9345,20,8.1,20,19.7,8.003291318,21,8.01,20.2,2493.209,2435.016,2464.1125,8.0054,8.0012,8.0033,8,38,1,1.50E-05,471.96024,473.56325,471.96024,473.56325,471.96024,473.56326,0.001987641,0.000193735,0.002196342,0.002464113,2.954274484,4.528445372
P_lividus_2022,Laboratory microcosm experiment,Paracentrotus lividus,marinespecies.org/aphia.php?p=taxdetails&id=124330,27-10-2022,31-10-2022,experiment1_single_driver,SL5,14,334.48,62.37,20,8.1,20,19.7,8.003291318,21,8.01,20.2,2493.209,2435.016,2464.1125,8.0054,8.0012,8.0033,8,38,1,1.50E-05,471.96024,473.56325,471.96024,473.56325,471.96024,473.56326,0.001987641,0.000193735,0.002196342,0.002464113,2.954274484,4.528445372
P_lividus_2022,Laboratory microcosm experiment,Paracentrotus lividus,marinespecies.org/aphia.php?p=taxdetails&id=124330,27-10-2022,31-10-2022,experiment1_single_driver,SL5,15,363.515,69.62875,20,8.1,20,19.7,8.003291318,21,8.01,20.2,2493.209,2435.016,2464.1125,8.0054,8.0012,8.0033,8,38,1,1.50E-05,471.96024,473.56325,471.96024,473.56325,471.96024,473.56326,0.001987641,0.000193735,0.002196342,0.002464113,2.954274484,4.528445372
P_lividus_2022,Laboratory microcosm experiment,Paracentrotus lividus,marinespecies.org/aphia.php?p=taxdetails&id=124330,27-10-2022,31-10-2022,experiment1_single_driver,SL5,16,357.178,68.0445,20,8.1,20,19.7,8.003291318,21,8.01,20.2,2493.209,2435.016,2464.1125,8.0054,8.0012,8.0033,8,38,1,1.50E-05,471.96024,473.56325,471.96024,473.56325,471.96024,473.56326,0.001987641,0.000193735,0.002196342,0.002464113,2.954274484,4.528445372
P_lividus_2022,Laboratory microcosm experiment,Paracentrotus lividus,marinespecies.org/aphia.php?p=taxdetails&id=124330,27-10-2022,31-10-2022,experiment1_single_driver,SL5,17,359.934,68.7335,20,8.1,20,19.7,8.003291318,21,8.01,20.2,2493.209,2435.016,2464.1125,8.0054,8.0012,8.0033,8,38,1,1.50E-05,471.96024,473.56325,471.96024,473.56325,471.96024,473.56326,0.001987641,0.000193735,0.002196342,0.002464113,2.954274484,4.528445372
P_lividus_2022,Laboratory microcosm experiment,Paracentrotus lividus,marinespecies.org/aphia.php?p=taxdetails&id=124330,27-10-2022,31-10-2022,experiment1_single_driver,SL5,18,357.612,68.153,20,8.1,20,19.7,8.003291318,21,8.01,20.2,2493.209,2435.016,2464.1125,8.0054,8.0012,8.0033,8,38,1,1.50E-05,471.96024,473.56325,471.96024,473.56325,471.96024,473.56326,0.001987641,0.000193735,0.002196342,0.002464113,2.954274484,4.528445372
P_lividus_2022,Laboratory microcosm experiment,Paracentrotus lividus,marinespecies.org/aphia.php?p=taxdetails&id=124330,27-10-2022,31-10-2022,experiment1_single_driver,SL5,19,359.405,68.60125,20,8.1,20,19.7,8.003291318,21,8.01,20.2,2493.209,2435.016,2464.1125,8.0054,8.0012,8.0033,8,38,1,1.50E-05,471.96024,473.56325,471.96024,473.56325,471.96024,473.56326,0.001987641,0.000193735,0.002196342,0.002464113,2.954274484,4.528445372
P_lividus_2022,Laboratory microcosm experiment,Paracentrotus lividus,marinespecies.org/aphia.php?p=taxdetails&id=124330,27-10-2022,31-10-2022,experiment1_single_driver,SL5,20,335.371,62.59275,20,8.1,20,19.7,8.003291318,21,8.01,20.2,2493.209,2435.016,2464.1125,8.0054,8.0012,8.0033,8,38,1,1.50E-05,471.96024,473.56325,471.96024,473.56325,471.96024,473.56326,0.001987641,0.000193735,0.002196342,0.002464113,2.954274484,4.528445372
P_lividus_2022,Laboratory microcosm experiment,Paracentrotus lividus,marinespecies.org/aphia.php?p=taxdetails&id=124330,27-10-2022,31-10-2022,experiment1_single_driver,SL5,21,338.983,63.49575,20,8.1,20,19.7,8.003291318,21,8.01,20.2,2493.209,2435.016,2464.1125,8.0054,8.0012,8.0033,8,38,1,1.50E-05,471.96024,473.56325,471.96024,473.56325,471.96024,473.56326,0.001987641,0.000193735,0.002196342,0.002464113,2.954274484,4.528445372
P_lividus_2022,Laboratory microcosm experiment,Paracentrotus lividus,marinespecies.org/aphia.php?p=taxdetails&id=124321,27-10-2022,31-10-2022,experiment1_single_driver,SP1,1,394.899,77.47475,20,8.1,0.18,19.7,7.987290891,0.19,8.02,20.6,2521.283,2529.495,2525.389,8.0003,7.9743,7.9873,8,38,1,1.59E-05,505.69752,507.40668,505.69752,507.40668,505.69752,507.40668,0.00204762,0.000195267,0.002258748,0.002525389,2.981526567,4.565326728
P_lividus_2022,Laboratory microcosm experiment,Paracentrotus lividus,marinespecies.org/aphia.php?p=taxdetails&id=124321,27-10-2022,31-10-2022,experiment1_single_driver,SP1,2,392.661,76.91525,20,8.1,0.18,19.7,7.987290891,0.19,8.02,20.6,2521.283,2529.495,2525.389,8.0003,7.9743,7.9873,8,38,1,1.59E-05,505.69752,507.40668,505.69752,507.40668,505.69752,507.40668,0.00204762,0.000195267,0.002258748,0.002525389,2.981526567,4.565326728
P_lividus_2022,Laboratory microcosm experiment,Paracentrotus lividus,marinespecies.org/aphia.php?p=taxdetails&id=124321,27-10-2022,31-10-2022,experiment1_single_driver,SP1,3,366.133,70.28325,20,8.1,0.18,19.7,7.987290891,0.19,8.02,20.6,2521.283,2529.495,2525.389,8.0003,7.9743,7.9873,8,38,1,1.59E-05,505.69752,507.40668,505.69752,507.40668,505.69752,507.40668,0.00204762,0.000195267,0.002258748,0.002525389,2.981526567,4.565326728
P_lividus_2022,Laboratory microcosm experiment,Paracentrotus lividus,marinespecies.org/aphia.php?p=taxdetails&id=124321,27-10-2022,31-10-2022,experiment1_single_driver,SP1,4,388.712,75.928,20,8.1,0.18,19.7,7.987290891,0.19,8.02,20.6,2521.283,2529.495,2525.389,8.0003,7.9743,7.9873,8,38,1,1.59E-05,505.69752,507.40668,505.69752,507.40668,505.69752,507.40668,0.00204762,0.000195267,0.002258748,0.002525389,2.981526567,4.565326728
P_lividus_2022,Laboratory microcosm experiment,Paracentrotus lividus,marinespecies.org/aphia.php?p=taxdetails&id=124321,27-10-2022,31-10-2022,experiment1_single_driver,SP1,5,368.287,70.82175,20,8.1,0.18,19.7,7.987290891,0.19,8.02,20.6,2521.283,2529.495,2525.389,8.0003,7.9743,7.9873,8,38,1,1.59E-05,505.69752,507.40668,505.69752,507.40668,505.69752,507.40668,0.00204762,0.000195267,0.002258748,0.002525389,2.981526567,4.565326728
P_lividus_2022,Laboratory microcosm experiment,Paracentrotus lividus,marinespecies.org/aphia.php?p=taxdetails&id=124321,27-10-2022,31-10-2022,experiment1_single_driver,SP1,6,352.618,66.9045,20,8.1,0.18,19.7,7.987290891,0.19,8.02,20.6,2521.283,2529.495,2525.389,8.0003,7.9743,7.9873,8,38,1,1.59E-05,505.69752,507.40668,505.69752,507.40668,505.69752,507.40668,0.00204762,0.000195267,0.002258748,0.002525389,2.981526567,4.565326728
P_lividus_2022,Laboratory microcosm experiment,Paracentrotus lividus,marinespecies.org/aphia.php?p=taxdetails&id=124321,27-10-2022,31-10-2022,experiment1_single_driver,SP1,7,405.193,80.04825,20,8.1,0.18,19.7,7.987290891,0.19,8.02,20.6,2521.283,2529.495,2525.389,8.0003,7.9743,7.9873,8,38,1,1.59E-05,505.69752,507.40668,505.69752,507.40668,505.69752,507.40668,0.00204762,0.000195267,0.002258748,0.002525389,2.981526567,4.565326728
P_lividus_2022,Laboratory microcosm experiment,Paracentrotus lividus,marinespecies.org/aphia.php?p=taxdetails&id=124321,27-10-2022,31-10-2022,experiment1_single_driver,SP1,8,392.293,76.82325,20,8.1,0.18,19.7,7.987290891,0.19,8.02,20.6,2521.283,2529.495,2525.389,8.0003,7.9743,7.9873,8,38,1,1.59E-05,505.69752,507.40668,505.69752,507.40668,505.69752,507.40668,0.00204762,0.000195267,0.002258748,0.002525389,2.981526567,4.565326728
P_lividus_2022,Laboratory microcosm experiment,Paracentrotus lividus,marinespecies.org/aphia.php?p=taxdetails&id=124321,27-10-2022,31-10-2022,experiment1_single_driver,SP1,9,342.822,64.4555,20,8.1,0.18,19.7,7.987290891,0.19,8.02,20.6,2521.283,2529.495,2525.389,8.0003,7.9743,7.9873,8,38,1,1.59E-05,505.69752,507.40668,505.69752,507.40668,505.69752,507.40668,0.00204762,0.000195267,0.002258748,0.002525389,2.981526567,4.565326728
P_lividus_2022,Laboratory microcosm experiment,Paracentrotus lividus,marinespecies.org/aphia.php?p=taxdetails&id=124321,27-10-2022,31-10-2022,experiment1_single_driver,SP1,10,360.549,68.88725,20,8.1,0.18,19.7,7.987290891,0.19,8.02,20.6,2521.283,2529.495,2525.389,8.0003,7.9743,7.9873,8,38,1,1.59E-05,505.69752,507.40668,505.69752,507.40668,505.69752,507.40668,0.00204762,0.000195267,0.002258748,0.002525389,2.981526567,4.565326728
P_lividus_2022,Laboratory microcosm experiment,Paracentrotus lividus,marinespecies.org/aphia.php?p=taxdetails&id=124321,27-10-2022,31-10-2022,experiment1_single_driver,SP1,11,392.918,76.9795,20,8.1,0.18,19.7,7.987290891,0.19,8.02,20.6,2521.283,2529.495,2525.389,8.0003,7.9743,7.9873,8,38,1,1.59E-05,505.69752,507.40668,505.69752,507.40668,505.69752,507.40668,0.00204762,0.000195267,0.002258748,0.002525389,2.981526567,4.565326728
P_lividus_2022,Laboratory microcosm experiment,Paracentrotus lividus,marinespecies.org/aphia.php?p=taxdetails&id=124322,27-10-2022,31-10-2022,experiment1_single_driver,SP2,1,378.373,73.34325,20,7.95,0.18,19.7,7.892487215,0.18,7.84,20.2,2513.362,2524.947,2519.1545,7.8849,7.9001,7.8925,8,38,1,2.07E-05,651.57046,653.78398,651.57046,653.78398,651.57046,653.78398,0.00212615,0.00016057,0.002307382,0.002519155,2.448537843,3.753229406
P_lividus_2022,Laboratory microcosm experiment,Paracentrotus lividus,marinespecies.org/aphia.php?p=taxdetails&id=124322,27-10-2022,31-10-2022,experiment1_single_driver,SP2,2,385.018,75.0045,20,7.95,0.18,19.7,7.892487215,0.18,7.84,20.2,2513.362,2524.947,2519.1545,7.8849,7.9001,7.8925,8,38,1,2.07E-05,651.57046,653.78398,651.57046,653.78398,651.57046,653.78398,0.00212615,0.00016057,0.002307382,0.002519155,2.448537843,3.753229406
P_lividus_2022,Laboratory microcosm experiment,Paracentrotus lividus,marinespecies.org/aphia.php?p=taxdetails&id=124322,27-10-2022,31-10-2022,experiment1_single_driver,SP2,3,409.562,81.1405,20,7.95,0.18,19.7,7.892487215,0.18,7.84,20.2,2513.362,2524.947,2519.1545,7.8849,7.9001,7.8925,8,38,1,2.07E-05,651.57046,653.78398,651.57046,653.78398,651.57046,653.78398,0.00212615,0.00016057,0.002307382,0.002519155,2.448537843,3.753229406
P_lividus_2022,Laboratory microcosm experiment,Paracentrotus lividus,marinespecies.org/aphia.php?p=taxdetails&id=124322,27-10-2022,31-10-2022,experiment1_single_driver,SP2,4,380.134,73.7835,20,7.95,0.18,19.7,7.892487215,0.18,7.84,20.2,2513.362,2524.947,2519.1545,7.8849,7.9001,7.8925,8,38,1,2.07E-05,651.57046,653.78398,651.57046,653.78398,651.57046,653.78398,0.00212615,0.00016057,0.002307382,0.002519155,2.448537843,3.753229406
P_lividus_2022,Laboratory microcosm experiment,Paracentrotus lividus,marinespecies.org/aphia.php?p=taxdetails&id=124322,27-10-2022,31-10-2022,experiment1_single_driver,SP2,5,368.926,70.9815,20,7.95,0.18,19.7,7.892487215,0.18,7.84,20.2,2513.362,2524.947,2519.1545,7.8849,7.9001,7.8925,8,38,1,2.07E-05,651.57046,653.78398,651.57046,653.78398,651.57046,653.78398,0.00212615,0.00016057,0.002307382,0.002519155,2.448537843,3.753229406
P_lividus_2022,Laboratory microcosm experiment,Paracentrotus lividus,marinespecies.org/aphia.php?p=taxdetails&id=124322,27-10-2022,31-10-2022,experiment1_single_driver,SP2,6,378.909,73.47725,20,7.95,0.18,19.7,7.892487215,0.18,7.84,20.2,2513.362,2524.947,2519.1545,7.8849,7.9001,7.8925,8,38,1,2.07E-05,651.57046,653.78398,651.57046,653.78398,651.57046,653.78398,0.00212615,0.00016057,0.002307382,0.002519155,2.448537843,3.753229406
P_lividus_2022,Laboratory microcosm experiment,Paracentrotus lividus,marinespecies.org/aphia.php?p=taxdetails&id=124322,27-10-2022,31-10-2022,experiment1_single_driver,SP2,7,391.568,76.642,20,7.95,0.18,19.7,7.892487215,0.18,7.84,20.2,2513.362,2524.947,2519.1545,7.8849,7.9001,7.8925,8,38,1,2.07E-05,651.57046,653.78398,651.57046,653.78398,651.57046,653.78398,0.00212615,0.00016057,0.002307382,0.002519155,2.448537843,3.753229406
P_lividus_2022,Laboratory microcosm experiment,Paracentrotus lividus,marinespecies.org/aphia.php?p=taxdetails&id=124322,27-10-2022,31-10-2022,experiment1_single_driver,SP2,8,371.788,71.697,20,7.95,0.18,19.7,7.892487215,0.18,7.84,20.2,2513.362,2524.947,2519.1545,7.8849,7.9001,7.8925,8,38,1,2.07E-05,651.57046,653.78398,651.57046,653.78398,651.57046,653.78398,0.00212615,0.00016057,0.002307382,0.002519155,2.448537843,3.753229406
P_lividus_2022,Laboratory microcosm experiment,Paracentrotus lividus,marinespecies.org/aphia.php?p=taxdetails&id=124323,27-10-2022,31-10-2022,experiment1_single_driver,SP3,1,388.327,75.83175,20,7.7,0.18,19.7,7.762979659,0.18,7.63,20.1,2506.743,2509.263,2508.003,7.7846,7.7414,7.763,8,38,1,2.90E-05,910.48141,913.57925,910.48141,913.57925,910.48141,913.57926,0.002206344,0.000123201,0.002358496,0.002508003,1.878094134,2.87959194
P_lividus_2022,Laboratory microcosm experiment,Paracentrotus lividus,marinespecies.org/aphia.php?p=taxdetails&id=124323,27-10-2022,31-10-2022,experiment1_single_driver,SP3,2,395.723,77.68075,20,7.7,0.18,19.7,7.762979659,0.18,7.63,20.1,2506.743,2509.263,2508.003,7.7846,7.7414,7.763,8,38,1,2.90E-05,910.48141,913.57925,910.48141,913.57925,910.48141,913.57926,0.002206344,0.000123201,0.002358496,0.002508003,1.878094134,2.87959194
P_lividus_2022,Laboratory microcosm experiment,Paracentrotus lividus,marinespecies.org/aphia.php?p=taxdetails&id=124323,27-10-2022,31-10-2022,experiment1_single_driver,SP3,3,376.393,72.84825,20,7.7,0.18,19.7,7.762979659,0.18,7.63,20.1,2506.743,2509.263,2508.003,7.7846,7.7414,7.763,8,38,1,2.90E-05,910.48141,913.57925,910.48141,913.57925,910.48141,913.57926,0.002206344,0.000123201,0.002358496,0.002508003,1.878094134,2.87959194
P_lividus_2022,Laboratory microcosm experiment,Paracentrotus lividus,marinespecies.org/aphia.php?p=taxdetails&id=124323,27-10-2022,31-10-2022,experiment1_single_driver,SP3,4,389.787,76.19675,20,7.7,0.18,19.7,7.762979659,0.18,7.63,20.1,2506.743,2509.263,2508.003,7.7846,7.7414,7.763,8,38,1,2.90E-05,910.48141,913.57925,910.48141,913.57925,910.48141,913.57926,0.002206344,0.000123201,0.002358496,0.002508003,1.878094134,2.87959194
P_lividus_2022,Laboratory microcosm experiment,Paracentrotus lividus,marinespecies.org/aphia.php?p=taxdetails&id=124323,27-10-2022,31-10-2022,experiment1_single_driver,SP3,5,376.648,72.912,20,7.7,0.18,19.7,7.762979659,0.18,7.63,20.1,2506.743,2509.263,2508.003,7.7846,7.7414,7.763,8,38,1,2.90E-05,910.48141,913.57925,910.48141,913.57925,910.48141,913.57926,0.002206344,0.000123201,0.002358496,0.002508003,1.878094134,2.87959194
P_lividus_2022,Laboratory microcosm experiment,Paracentrotus lividus,marinespecies.org/aphia.php?p=taxdetails&id=124323,27-10-2022,31-10-2022,experiment1_single_driver,SP3,6,381.141,74.03525,20,7.7,0.18,19.7,7.762979659,0.18,7.63,20.1,2506.743,2509.263,2508.003,7.7846,7.7414,7.763,8,38,1,2.90E-05,910.48141,913.57925,910.48141,913.57925,910.48141,913.57926,0.002206344,0.000123201,0.002358496,0.002508003,1.878094134,2.87959194
P_lividus_2022,Laboratory microcosm experiment,Paracentrotus lividus,marinespecies.org/aphia.php?p=taxdetails&id=124323,27-10-2022,31-10-2022,experiment1_single_driver,SP3,7,399.045,78.51125,20,7.7,0.18,19.7,7.762979659,0.18,7.63,20.1,2506.743,2509.263,2508.003,7.7846,7.7414,7.763,8,38,1,2.90E-05,910.48141,913.57925,910.48141,913.57925,910.48141,913.57926,0.002206344,0.000123201,0.002358496,0.002508003,1.878094134,2.87959194
P_lividus_2022,Laboratory microcosm experiment,Paracentrotus lividus,marinespecies.org/aphia.php?p=taxdetails&id=124323,27-10-2022,31-10-2022,experiment1_single_driver,SP3,8,400.858,78.9645,20,7.7,0.18,19.7,7.762979659,0.18,7.63,20.1,2506.743,2509.263,2508.003,7.7846,7.7414,7.763,8,38,1,2.90E-05,910.48141,913.57925,910.48141,913.57925,910.48141,913.57926,0.002206344,0.000123201,0.002358496,0.002508003,1.878094134,2.87959194
P_lividus_2022,Laboratory microcosm experiment,Paracentrotus lividus,marinespecies.org/aphia.php?p=taxdetails&id=124323,27-10-2022,31-10-2022,experiment1_single_driver,SP3,9,388.749,75.93725,20,7.7,0.18,19.7,7.762979659,0.18,7.63,20.1,2506.743,2509.263,2508.003,7.7846,7.7414,7.763,8,38,1,2.90E-05,910.48141,913.57925,910.48141,913.57925,910.48141,913.57926,0.002206344,0.000123201,0.002358496,0.002508003,1.878094134,2.87959194
P_lividus_2022,Laboratory microcosm experiment,Paracentrotus lividus,marinespecies.org/aphia.php?p=taxdetails&id=124324,27-10-2022,31-10-2022,experiment1_single_driver,SP4,1,389.682,76.1705,20,7.45,0.18,19.7,7.701074783,0.18,7.42,20.1,2498.029,2506.045,2502.037,7.7321,7.6701,7.7011,8,38,1,3.38E-05,1064.44111,1068.06341,1064.44111,1068.06341,1064.44111,1068.06343,0.002236782,0.000108309,0.002378939,0.002502037,1.651079212,2.531520815
P_lividus_2022,Laboratory microcosm experiment,Paracentrotus lividus,marinespecies.org/aphia.php?p=taxdetails&id=124324,27-10-2022,31-10-2022,experiment1_single_driver,SP4,2,358.829,68.45725,20,7.45,0.18,19.7,7.701074783,0.18,7.42,20.1,2498.029,2506.045,2502.037,7.7321,7.6701,7.7011,8,38,1,3.38E-05,1064.44111,1068.06341,1064.44111,1068.06341,1064.44111,1068.06343,0.002236782,0.000108309,0.002378939,0.002502037,1.651079212,2.531520815
P_lividus_2022,Laboratory microcosm experiment,Paracentrotus lividus,marinespecies.org/aphia.php?p=taxdetails&id=124324,27-10-2022,31-10-2022,experiment1_single_driver,SP4,3,387.651,75.66275,20,7.45,0.18,19.7,7.701074783,0.18,7.42,20.1,2498.029,2506.045,2502.037,7.7321,7.6701,7.7011,8,38,1,3.38E-05,1064.44111,1068.06341,1064.44111,1068.06341,1064.44111,1068.06343,0.002236782,0.000108309,0.002378939,0.002502037,1.651079212,2.531520815
P_lividus_2022,Laboratory microcosm experiment,Paracentrotus lividus,marinespecies.org/aphia.php?p=taxdetails&id=124324,27-10-2022,31-10-2022,experiment1_single_driver,SP4,4,344.124,64.781,20,7.45,0.18,19.7,7.701074783,0.18,7.42,20.1,2498.029,2506.045,2502.037,7.7321,7.6701,7.7011,8,38,1,3.38E-05,1064.44111,1068.06341,1064.44111,1068.06341,1064.44111,1068.06343,0.002236782,0.000108309,0.002378939,0.002502037,1.651079212,2.531520815
P_lividus_2022,Laboratory microcosm experiment,Paracentrotus lividus,marinespecies.org/aphia.php?p=taxdetails&id=124324,27-10-2022,31-10-2022,experiment1_single_driver,SP4,5,323.041,59.51025,20,7.45,0.18,19.7,7.701074783,0.18,7.42,20.1,2498.029,2506.045,2502.037,7.7321,7.6701,7.7011,8,38,1,3.38E-05,1064.44111,1068.06341,1064.44111,1068.06341,1064.44111,1068.06343,0.002236782,0.000108309,0.002378939,0.002502037,1.651079212,2.531520815
P_lividus_2022,Laboratory microcosm experiment,Paracentrotus lividus,marinespecies.org/aphia.php?p=taxdetails&id=124324,27-10-2022,31-10-2022,experiment1_single_driver,SP4,6,295.076,52.519,20,7.45,0.18,19.7,7.701074783,0.18,7.42,20.1,2498.029,2506.045,2502.037,7.7321,7.6701,7.7011,8,38,1,3.38E-05,1064.44111,1068.06341,1064.44111,1068.06341,1064.44111,1068.06343,0.002236782,0.000108309,0.002378939,0.002502037,1.651079212,2.531520815
P_lividus_2022,Laboratory microcosm experiment,Paracentrotus lividus,marinespecies.org/aphia.php?p=taxdetails&id=124324,27-10-2022,31-10-2022,experiment1_single_driver,SP4,7,298.913,53.47825,20,7.45,0.18,19.7,7.701074783,0.18,7.42,20.1,2498.029,2506.045,2502.037,7.7321,7.6701,7.7011,8,38,1,3.38E-05,1064.44111,1068.06341,1064.44111,1068.06341,1064.44111,1068.06343,0.002236782,0.000108309,0.002378939,0.002502037,1.651079212,2.531520815
P_lividus_2022,Laboratory microcosm experiment,Paracentrotus lividus,marinespecies.org/aphia.php?p=taxdetails&id=124324,27-10-2022,31-10-2022,experiment1_single_driver,SP4,8,315.699,57.67475,20,7.45,0.18,19.7,7.701074783,0.18,7.42,20.1,2498.029,2506.045,2502.037,7.7321,7.6701,7.7011,8,38,1,3.38E-05,1064.44111,1068.06341,1064.44111,1068.06341,1064.44111,1068.06343,0.002236782,0.000108309,0.002378939,0.002502037,1.651079212,2.531520815
P_lividus_2022,Laboratory microcosm experiment,Paracentrotus lividus,marinespecies.org/aphia.php?p=taxdetails&id=124324,27-10-2022,31-10-2022,experiment1_single_driver,SP4,9,389.725,76.18125,20,7.45,0.18,19.7,7.701074783,0.18,7.42,20.1,2498.029,2506.045,2502.037,7.7321,7.6701,7.7011,8,38,1,3.38E-05,1064.44111,1068.06341,1064.44111,1068.06341,1064.44111,1068.06343,0.002236782,0.000108309,0.002378939,0.002502037,1.651079212,2.531520815
P_lividus_2022,Laboratory microcosm experiment,Paracentrotus lividus,marinespecies.org/aphia.php?p=taxdetails&id=124324,27-10-2022,31-10-2022,experiment1_single_driver,SP4,10,378.005,73.25125,20,7.45,0.18,19.7,7.701074783,0.18,7.42,20.1,2498.029,2506.045,2502.037,7.7321,7.6701,7.7011,8,38,1,3.38E-05,1064.44111,1068.06341,1064.44111,1068.06341,1064.44111,1068.06343,0.002236782,0.000108309,0.002378939,0.002502037,1.651079212,2.531520815
P_lividus_2022,Laboratory microcosm experiment,Paracentrotus lividus,marinespecies.org/aphia.php?p=taxdetails&id=124325,27-10-2022,31-10-2022,experiment1_single_driver,SP5,1,349.715,66.17875,20,7.2,0.18,19.7,7.64516974,0.17,7.22,20.1,2495.824,2527.059,2511.4415,7.6707,7.6197,7.6452,8,38,1,3.91E-05,1231.07356,1235.26371,1231.07356,1235.26371,1231.07356,1235.26373,0.002274501,9.68E-05,0.002410481,0.002511442,1.476149272,2.263309102
P_lividus_2022,Laboratory microcosm experiment,Paracentrotus lividus,marinespecies.org/aphia.php?p=taxdetails&id=124325,27-10-2022,31-10-2022,experiment1_single_driver,SP5,2,359.688,68.672,20,7.2,0.18,19.7,7.64516974,0.17,7.22,20.1,2495.824,2527.059,2511.4415,7.6707,7.6197,7.6452,8,38,1,3.91E-05,1231.07356,1235.26371,1231.07356,1235.26371,1231.07356,1235.26373,0.002274501,9.68E-05,0.002410481,0.002511442,1.476149272,2.263309102
P_lividus_2022,Laboratory microcosm experiment,Paracentrotus lividus,marinespecies.org/aphia.php?p=taxdetails&id=124325,27-10-2022,31-10-2022,experiment1_single_driver,SP5,3,340.729,63.93225,20,7.2,0.18,19.7,7.64516974,0.17,7.22,20.1,2495.824,2527.059,2511.4415,7.6707,7.6197,7.6452,8,38,1,3.91E-05,1231.07356,1235.26371,1231.07356,1235.26371,1231.07356,1235.26373,0.002274501,9.68E-05,0.002410481,0.002511442,1.476149272,2.263309102
P_lividus_2022,Laboratory microcosm experiment,Paracentrotus lividus,marinespecies.org/aphia.php?p=taxdetails&id=124325,27-10-2022,31-10-2022,experiment1_single_driver,SP5,4,354.674,67.4185,20,7.2,0.18,19.7,7.64516974,0.17,7.22,20.1,2495.824,2527.059,2511.4415,7.6707,7.6197,7.6452,8,38,1,3.91E-05,1231.07356,1235.26371,1231.07356,1235.26371,1231.07356,1235.26373,0.002274501,9.68E-05,0.002410481,0.002511442,1.476149272,2.263309102
P_lividus_2022,Laboratory microcosm experiment,Paracentrotus lividus,marinespecies.org/aphia.php?p=taxdetails&id=124325,27-10-2022,31-10-2022,experiment1_single_driver,SP5,5,328.662,60.9155,20,7.2,0.18,19.7,7.64516974,0.17,7.22,20.1,2495.824,2527.059,2511.4415,7.6707,7.6197,7.6452,8,38,1,3.91E-05,1231.07356,1235.26371,1231.07356,1235.26371,1231.07356,1235.26373,0.002274501,9.68E-05,0.002410481,0.002511442,1.476149272,2.263309102
P_lividus_2022,Laboratory microcosm experiment,Paracentrotus lividus,marinespecies.org/aphia.php?p=taxdetails&id=124325,27-10-2022,31-10-2022,experiment1_single_driver,SP5,6,370.493,71.37325,20,7.2,0.18,19.7,7.64516974,0.17,7.22,20.1,2495.824,2527.059,2511.4415,7.6707,7.6197,7.6452,8,38,1,3.91E-05,1231.07356,1235.26371,1231.07356,1235.26371,1231.07356,1235.26373,0.002274501,9.68E-05,0.002410481,0.002511442,1.476149272,2.263309102
P_lividus_2022,Laboratory microcosm experiment,Paracentrotus lividus,marinespecies.org/aphia.php?p=taxdetails&id=124325,27-10-2022,31-10-2022,experiment1_single_driver,SP5,7,325.992,60.248,20,7.2,0.18,19.7,7.64516974,0.17,7.22,20.1,2495.824,2527.059,2511.4415,7.6707,7.6197,7.6452,8,38,1,3.91E-05,1231.07356,1235.26371,1231.07356,1235.26371,1231.07356,1235.26373,0.002274501,9.68E-05,0.002410481,0.002511442,1.476149272,2.263309102
P_lividus_2022,Laboratory microcosm experiment,Paracentrotus lividus,marinespecies.org/aphia.php?p=taxdetails&id=124325,27-10-2022,31-10-2022,experiment1_single_driver,SP5,8,341.335,64.08375,20,7.2,0.18,19.7,7.64516974,0.17,7.22,20.1,2495.824,2527.059,2511.4415,7.6707,7.6197,7.6452,8,38,1,3.91E-05,1231.07356,1235.26371,1231.07356,1235.26371,1231.07356,1235.26373,0.002274501,9.68E-05,0.002410481,0.002511442,1.476149272,2.263309102
P_lividus_2022,Laboratory microcosm experiment,Paracentrotus lividus,marinespecies.org/aphia.php?p=taxdetails&id=124325,27-10-2022,31-10-2022,experiment1_single_driver,SP5,9,346.516,65.379,20,7.2,0.18,19.7,7.64516974,0.17,7.22,20.1,2495.824,2527.059,2511.4415,7.6707,7.6197,7.6452,8,38,1,3.91E-05,1231.07356,1235.26371,1231.07356,1235.26371,1231.07356,1235.26373,0.002274501,9.68E-05,0.002410481,0.002511442,1.476149272,2.263309102
P_lividus_2022,Laboratory microcosm experiment,Paracentrotus lividus,marinespecies.org/aphia.php?p=taxdetails&id=124325,27-10-2022,31-10-2022,experiment1_single_driver,SP5,10,339.383,63.59575,20,7.2,0.18,19.7,7.64516974,0.17,7.22,20.1,2495.824,2527.059,2511.4415,7.6707,7.6197,7.6452,8,38,1,3.91E-05,1231.07356,1235.26371,1231.07356,1235.26371,1231.07356,1235.26373,0.002274501,9.68E-05,0.002410481,0.002511442,1.476149272,2.263309102
P_lividus_2022,Laboratory microcosm experiment,Paracentrotus lividus,marinespecies.org/aphia.php?p=taxdetails&id=124325,27-10-2022,31-10-2022,experiment1_single_driver,SP5,11,335.088,62.522,20,7.2,0.18,19.7,7.64516974,0.17,7.22,20.1,2495.824,2527.059,2511.4415,7.6707,7.6197,7.6452,8,38,1,3.91E-05,1231.07356,1235.26371,1231.07356,1235.26371,1231.07356,1235.26373,0.002274501,9.68E-05,0.002410481,0.002511442,1.476149272,2.263309102
P_lividus_2022,Laboratory microcosm experiment,Paracentrotus lividus,marinespecies.org/aphia.php?p=taxdetails&id=124325,27-10-2022,31-10-2022,experiment1_single_driver,SP5,12,356.471,67.86775,20,7.2,0.18,19.7,7.64516974,0.17,7.22,20.1,2495.824,2527.059,2511.4415,7.6707,7.6197,7.6452,8,38,1,3.91E-05,1231.07356,1235.26371,1231.07356,1235.26371,1231.07356,1235.26373,0.002274501,9.68E-05,0.002410481,0.002511442,1.476149272,2.263309102
P_lividus_2022,Laboratory microcosm experiment,Paracentrotus lividus,marinespecies.org/aphia.php?p=taxdetails&id=124325,27-10-2022,31-10-2022,experiment1_single_driver,SP5,13,322.082,59.2705,20,7.2,0.18,19.7,7.64516974,0.17,7.22,20.1,2495.824,2527.059,2511.4415,7.6707,7.6197,7.6452,8,38,1,3.91E-05,1231.07356,1235.26371,1231.07356,1235.26371,1231.07356,1235.26373,0.002274501,9.68E-05,0.002410481,0.002511442,1.476149272,2.263309102
P_lividus_2022,Laboratory microcosm experiment,Paracentrotus lividus,marinespecies.org/aphia.php?p=taxdetails&id=124325,27-10-2022,31-10-2022,experiment1_single_driver,SP5,14,334.57,62.3925,20,7.2,0.18,19.7,7.64516974,0.17,7.22,20.1,2495.824,2527.059,2511.4415,7.6707,7.6197,7.6452,8,38,1,3.91E-05,1231.07356,1235.26371,1231.07356,1235.26371,1231.07356,1235.26373,0.002274501,9.68E-05,0.002410481,0.002511442,1.476149272,2.263309102
P_lividus_2022,Laboratory microcosm experiment,Paracentrotus lividus,marinespecies.org/aphia.php?p=taxdetails&id=124316,27-10-2022,31-10-2022,experiment1_single_driver,ST1,1,256.004,42.751,12,8.1,0.18,12.3,8.026193326,0.18,8.01,13.2,2547.922,2547.748,2547.835,8.0264,8.026,8.0262,8,38,1,1.79E-05,459.17901,460.8827,459.17901,460.8827,459.17901,460.8827,0.002134328,0.000167944,0.002320146,0.002547835,2.516187209,3.920555636
P_lividus_2022,Laboratory microcosm experiment,Paracentrotus lividus,marinespecies.org/aphia.php?p=taxdetails&id=124316,27-10-2022,31-10-2022,experiment1_single_driver,ST1,2,275.521,47.63025,12,8.1,0.18,12.3,8.026193326,0.18,8.01,13.2,2547.922,2547.748,2547.835,8.0264,8.026,8.0262,8,38,1,1.79E-05,459.17901,460.8827,459.17901,460.8827,459.17901,460.8827,0.002134328,0.000167944,0.002320146,0.002547835,2.516187209,3.920555636
P_lividus_2022,Laboratory microcosm experiment,Paracentrotus lividus,marinespecies.org/aphia.php?p=taxdetails&id=124316,27-10-2022,31-10-2022,experiment1_single_driver,ST1,3,266.367,45.34175,12,8.1,0.18,12.3,8.026193326,0.18,8.01,13.2,2547.922,2547.748,2547.835,8.0264,8.026,8.0262,8,38,1,1.79E-05,459.17901,460.8827,459.17901,460.8827,459.17901,460.8827,0.002134328,0.000167944,0.002320146,0.002547835,2.516187209,3.920555636
P_lividus_2022,Laboratory microcosm experiment,Paracentrotus lividus,marinespecies.org/aphia.php?p=taxdetails&id=124316,27-10-2022,31-10-2022,experiment1_single_driver,ST1,4,280.649,48.91225,12,8.1,0.18,12.3,8.026193326,0.18,8.01,13.2,2547.922,2547.748,2547.835,8.0264,8.026,8.0262,8,38,1,1.79E-05,459.17901,460.8827,459.17901,460.8827,459.17901,460.8827,0.002134328,0.000167944,0.002320146,0.002547835,2.516187209,3.920555636
P_lividus_2022,Laboratory microcosm experiment,Paracentrotus lividus,marinespecies.org/aphia.php?p=taxdetails&id=124316,27-10-2022,31-10-2022,experiment1_single_driver,ST1,5,275.262,47.5655,12,8.1,0.18,12.3,8.026193326,0.18,8.01,13.2,2547.922,2547.748,2547.835,8.0264,8.026,8.0262,8,38,1,1.79E-05,459.17901,460.8827,459.17901,460.8827,459.17901,460.8827,0.002134328,0.000167944,0.002320146,0.002547835,2.516187209,3.920555636
P_lividus_2022,Laboratory microcosm experiment,Paracentrotus lividus,marinespecies.org/aphia.php?p=taxdetails&id=124316,27-10-2022,31-10-2022,experiment1_single_driver,ST1,6,264.432,44.858,12,8.1,0.18,12.3,8.026193326,0.18,8.01,13.2,2547.922,2547.748,2547.835,8.0264,8.026,8.0262,8,38,1,1.79E-05,459.17901,460.8827,459.17901,460.8827,459.17901,460.8827,0.002134328,0.000167944,0.002320146,0.002547835,2.516187209,3.920555636
P_lividus_2022,Laboratory microcosm experiment,Paracentrotus lividus,marinespecies.org/aphia.php?p=taxdetails&id=124316,27-10-2022,31-10-2022,experiment1_single_driver,ST1,7,283.954,49.7385,12,8.1,0.18,12.3,8.026193326,0.18,8.01,13.2,2547.922,2547.748,2547.835,8.0264,8.026,8.0262,8,38,1,1.79E-05,459.17901,460.8827,459.17901,460.8827,459.17901,460.8827,0.002134328,0.000167944,0.002320146,0.002547835,2.516187209,3.920555636
P_lividus_2022,Laboratory microcosm experiment,Paracentrotus lividus,marinespecies.org/aphia.php?p=taxdetails&id=124316,27-10-2022,31-10-2022,experiment1_single_driver,ST1,8,282.615,49.40375,12,8.1,0.18,12.3,8.026193326,0.18,8.01,13.2,2547.922,2547.748,2547.835,8.0264,8.026,8.0262,8,38,1,1.79E-05,459.17901,460.8827,459.17901,460.8827,459.17901,460.8827,0.002134328,0.000167944,0.002320146,0.002547835,2.516187209,3.920555636
P_lividus_2022,Laboratory microcosm experiment,Paracentrotus lividus,marinespecies.org/aphia.php?p=taxdetails&id=124316,27-10-2022,31-10-2022,experiment1_single_driver,ST1,9,269.148,46.037,12,8.1,0.18,12.3,8.026193326,0.18,8.01,13.2,2547.922,2547.748,2547.835,8.0264,8.026,8.0262,8,38,1,1.79E-05,459.17901,460.8827,459.17901,460.8827,459.17901,460.8827,0.002134328,0.000167944,0.002320146,0.002547835,2.516187209,3.920555636
P_lividus_2022,Laboratory microcosm experiment,Paracentrotus lividus,marinespecies.org/aphia.php?p=taxdetails&id=124316,27-10-2022,31-10-2022,experiment1_single_driver,ST1,10,258.541,43.38525,12,8.1,0.18,12.3,8.026193326,0.18,8.01,13.2,2547.922,2547.748,2547.835,8.0264,8.026,8.0262,8,38,1,1.79E-05,459.17901,460.8827,459.17901,460.8827,459.17901,460.8827,0.002134328,0.000167944,0.002320146,0.002547835,2.516187209,3.920555636
P_lividus_2022,Laboratory microcosm experiment,Paracentrotus lividus,marinespecies.org/aphia.php?p=taxdetails&id=124316,27-10-2022,31-10-2022,experiment1_single_driver,ST1,11,266.2,45.3,12,8.1,0.18,12.3,8.026193326,0.18,8.01,13.2,2547.922,2547.748,2547.835,8.0264,8.026,8.0262,8,38,1,1.79E-05,459.17901,460.8827,459.17901,460.8827,459.17901,460.8827,0.002134328,0.000167944,0.002320146,0.002547835,2.516187209,3.920555636
P_lividus_2022,Laboratory microcosm experiment,Paracentrotus lividus,marinespecies.org/aphia.php?p=taxdetails&id=124316,27-10-2022,31-10-2022,experiment1_single_driver,ST1,12,265.336,45.084,12,8.1,0.18,12.3,8.026193326,0.18,8.01,13.2,2547.922,2547.748,2547.835,8.0264,8.026,8.0262,8,38,1,1.79E-05,459.17901,460.8827,459.17901,460.8827,459.17901,460.8827,0.002134328,0.000167944,0.002320146,0.002547835,2.516187209,3.920555636
P_lividus_2022,Laboratory microcosm experiment,Paracentrotus lividus,marinespecies.org/aphia.php?p=taxdetails&id=124317,27-10-2022,31-10-2022,experiment1_single_driver,ST2,1,384.165,74.79125,16,8.1,0.18,15.9,8.005592081,0.17,7.98,17.5,2553.11,2550.397,2551.7535,8.0095,8.0017,8.0056,8,38,1,1.67E-05,486.93075,488.64145,486.93075,488.64145,486.93075,488.64146,0.002097169,0.00018559,0.00229942,0.002551754,2.80760499,4.333205947
P_lividus_2022,Laboratory microcosm experiment,Paracentrotus lividus,marinespecies.org/aphia.php?p=taxdetails&id=124317,27-10-2022,31-10-2022,experiment1_single_driver,ST2,2,397.15,78.0375,16,8.1,0.18,15.9,8.005592081,0.17,7.98,17.5,2553.11,2550.397,2551.7535,8.0095,8.0017,8.0056,8,38,1,1.67E-05,486.93075,488.64145,486.93075,488.64145,486.93075,488.64146,0.002097169,0.00018559,0.00229942,0.002551754,2.80760499,4.333205947
P_lividus_2022,Laboratory microcosm experiment,Paracentrotus lividus,marinespecies.org/aphia.php?p=taxdetails&id=124317,27-10-2022,31-10-2022,experiment1_single_driver,ST2,3,404.131,79.78275,16,8.1,0.18,15.9,8.005592081,0.17,7.98,17.5,2553.11,2550.397,2551.7535,8.0095,8.0017,8.0056,8,38,1,1.67E-05,486.93075,488.64145,486.93075,488.64145,486.93075,488.64146,0.002097169,0.00018559,0.00229942,0.002551754,2.80760499,4.333205947
P_lividus_2022,Laboratory microcosm experiment,Paracentrotus lividus,marinespecies.org/aphia.php?p=taxdetails&id=124317,27-10-2022,31-10-2022,experiment1_single_driver,ST2,4,375.449,72.61225,16,8.1,0.18,15.9,8.005592081,0.17,7.98,17.5,2553.11,2550.397,2551.7535,8.0095,8.0017,8.0056,8,38,1,1.67E-05,486.93075,488.64145,486.93075,488.64145,486.93075,488.64146,0.002097169,0.00018559,0.00229942,0.002551754,2.80760499,4.333205947
P_lividus_2022,Laboratory microcosm experiment,Paracentrotus lividus,marinespecies.org/aphia.php?p=taxdetails&id=124317,27-10-2022,31-10-2022,experiment1_single_driver,ST2,5,388.072,75.768,16,8.1,0.18,15.9,8.005592081,0.17,7.98,17.5,2553.11,2550.397,2551.7535,8.0095,8.0017,8.0056,8,38,1,1.67E-05,486.93075,488.64145,486.93075,488.64145,486.93075,488.64146,0.002097169,0.00018559,0.00229942,0.002551754,2.80760499,4.333205947
P_lividus_2022,Laboratory microcosm experiment,Paracentrotus lividus,marinespecies.org/aphia.php?p=taxdetails&id=124317,27-10-2022,31-10-2022,experiment1_single_driver,ST2,6,395.086,77.5215,16,8.1,0.18,15.9,8.005592081,0.17,7.98,17.5,2553.11,2550.397,2551.7535,8.0095,8.0017,8.0056,8,38,1,1.67E-05,486.93075,488.64145,486.93075,488.64145,486.93075,488.64146,0.002097169,0.00018559,0.00229942,0.002551754,2.80760499,4.333205947
P_lividus_2022,Laboratory microcosm experiment,Paracentrotus lividus,marinespecies.org/aphia.php?p=taxdetails&id=124317,27-10-2022,31-10-2022,experiment1_single_driver,ST2,7,406.289,80.32225,16,8.1,0.18,15.9,8.005592081,0.17,7.98,17.5,2553.11,2550.397,2551.7535,8.0095,8.0017,8.0056,8,38,1,1.67E-05,486.93075,488.64145,486.93075,488.64145,486.93075,488.64146,0.002097169,0.00018559,0.00229942,0.002551754,2.80760499,4.333205947
P_lividus_2022,Laboratory microcosm experiment,Paracentrotus lividus,marinespecies.org/aphia.php?p=taxdetails&id=124317,27-10-2022,31-10-2022,experiment1_single_driver,ST2,8,356.884,67.971,16,8.1,0.18,15.9,8.005592081,0.17,7.98,17.5,2553.11,2550.397,2551.7535,8.0095,8.0017,8.0056,8,38,1,1.67E-05,486.93075,488.64145,486.93075,488.64145,486.93075,488.64146,0.002097169,0.00018559,0.00229942,0.002551754,2.80760499,4.333205947
P_lividus_2022,Laboratory microcosm experiment,Paracentrotus lividus,marinespecies.org/aphia.php?p=taxdetails&id=124317,27-10-2022,31-10-2022,experiment1_single_driver,ST2,9,406.979,80.49475,16,8.1,0.18,15.9,8.005592081,0.17,7.98,17.5,2553.11,2550.397,2551.7535,8.0095,8.0017,8.0056,8,38,1,1.67E-05,486.93075,488.64145,486.93075,488.64145,486.93075,488.64146,0.002097169,0.00018559,0.00229942,0.002551754,2.80760499,4.333205947
P_lividus_2022,Laboratory microcosm experiment,Paracentrotus lividus,marinespecies.org/aphia.php?p=taxdetails&id=124317,27-10-2022,31-10-2022,experiment1_single_driver,ST2,10,381.968,74.242,16,8.1,0.18,15.9,8.005592081,0.17,7.98,17.5,2553.11,2550.397,2551.7535,8.0095,8.0017,8.0056,8,38,1,1.67E-05,486.93075,488.64145,486.93075,488.64145,486.93075,488.64146,0.002097169,0.00018559,0.00229942,0.002551754,2.80760499,4.333205947
P_lividus_2022,Laboratory microcosm experiment,Paracentrotus lividus,marinespecies.org/aphia.php?p=taxdetails&id=124317,27-10-2022,31-10-2022,experiment1_single_driver,ST2,11,377.678,73.1695,16,8.1,0.18,15.9,8.005592081,0.17,7.98,17.5,2553.11,2550.397,2551.7535,8.0095,8.0017,8.0056,8,38,1,1.67E-05,486.93075,488.64145,486.93075,488.64145,486.93075,488.64146,0.002097169,0.00018559,0.00229942,0.002551754,2.80760499,4.333205947
P_lividus_2022,Laboratory microcosm experiment,Paracentrotus lividus,marinespecies.org/aphia.php?p=taxdetails&id=124317,27-10-2022,31-10-2022,experiment1_single_driver,ST2,12,386.436,75.359,16,8.1,0.18,15.9,8.005592081,0.17,7.98,17.5,2553.11,2550.397,2551.7535,8.0095,8.0017,8.0056,8,38,1,1.67E-05,486.93075,488.64145,486.93075,488.64145,486.93075,488.64146,0.002097169,0.00018559,0.00229942,0.002551754,2.80760499,4.333205947
P_lividus_2022,Laboratory microcosm experiment,Paracentrotus lividus,marinespecies.org/aphia.php?p=taxdetails&id=124318,27-10-2022,31-10-2022,experiment1_single_driver,ST3,1,363.11,69.5275,20,8.1,0.18,19.7,8.013091905,0.2,8,19.9,2556.673,2557.416,2557.0445,8.02,8.0062,8.0131,8,38,1,1.53E-05,477.51697,479.14494,477.51697,479.14494,477.51697,479.14494,0.002060779,0.000203148,0.002279195,0.002557045,3.094842088,4.747680921
P_lividus_2022,Laboratory microcosm experiment,Paracentrotus lividus,marinespecies.org/aphia.php?p=taxdetails&id=124318,27-10-2022,31-10-2022,experiment1_single_driver,ST3,2,381.446,74.1115,20,8.1,0.18,19.7,8.013091905,0.2,8,19.9,2556.673,2557.416,2557.0445,8.02,8.0062,8.0131,8,38,1,1.53E-05,477.51697,479.14494,477.51697,479.14494,477.51697,479.14494,0.002060779,0.000203148,0.002279195,0.002557045,3.094842088,4.747680921
P_lividus_2022,Laboratory microcosm experiment,Paracentrotus lividus,marinespecies.org/aphia.php?p=taxdetails&id=124318,27-10-2022,31-10-2022,experiment1_single_driver,ST3,3,389.225,76.05625,20,8.1,0.18,19.7,8.013091905,0.2,8,19.9,2556.673,2557.416,2557.0445,8.02,8.0062,8.0131,8,38,1,1.53E-05,477.51697,479.14494,477.51697,479.14494,477.51697,479.14494,0.002060779,0.000203148,0.002279195,0.002557045,3.094842088,4.747680921
P_lividus_2022,Laboratory microcosm experiment,Paracentrotus lividus,marinespecies.org/aphia.php?p=taxdetails&id=124318,27-10-2022,31-10-2022,experiment1_single_driver,ST3,4,372.852,71.963,20,8.1,0.18,19.7,8.013091905,0.2,8,19.9,2556.673,2557.416,2557.0445,8.02,8.0062,8.0131,8,38,1,1.53E-05,477.51697,479.14494,477.51697,479.14494,477.51697,479.14494,0.002060779,0.000203148,0.002279195,0.002557045,3.094842088,4.747680921
P_lividus_2022,Laboratory microcosm experiment,Paracentrotus lividus,marinespecies.org/aphia.php?p=taxdetails&id=124318,27-10-2022,31-10-2022,experiment1_single_driver,ST3,5,407.059,80.51475,20,8.1,0.18,19.7,8.013091905,0.2,8,19.9,2556.673,2557.416,2557.0445,8.02,8.0062,8.0131,8,38,1,1.53E-05,477.51697,479.14494,477.51697,479.14494,477.51697,479.14494,0.002060779,0.000203148,0.002279195,0.002557045,3.094842088,4.747680921
P_lividus_2022,Laboratory microcosm experiment,Paracentrotus lividus,marinespecies.org/aphia.php?p=taxdetails&id=124318,27-10-2022,31-10-2022,experiment1_single_driver,ST3,6,369.772,71.193,20,8.1,0.18,19.7,8.013091905,0.2,8,19.9,2556.673,2557.416,2557.0445,8.02,8.0062,8.0131,8,38,1,1.53E-05,477.51697,479.14494,477.51697,479.14494,477.51697,479.14494,0.002060779,0.000203148,0.002279195,0.002557045,3.094842088,4.747680921
P_lividus_2022,Laboratory microcosm experiment,Paracentrotus lividus,marinespecies.org/aphia.php?p=taxdetails&id=124318,27-10-2022,31-10-2022,experiment1_single_driver,ST3,7,388.413,75.85325,20,8.1,0.18,19.7,8.013091905,0.2,8,19.9,2556.673,2557.416,2557.0445,8.02,8.0062,8.0131,8,38,1,1.53E-05,477.51697,479.14494,477.51697,479.14494,477.51697,479.14494,0.002060779,0.000203148,0.002279195,0.002557045,3.094842088,4.747680921
P_lividus_2022,Laboratory microcosm experiment,Paracentrotus lividus,marinespecies.org/aphia.php?p=taxdetails&id=124318,27-10-2022,31-10-2022,experiment1_single_driver,ST3,8,374.359,72.33975,20,8.1,0.18,19.7,8.013091905,0.2,8,19.9,2556.673,2557.416,2557.0445,8.02,8.0062,8.0131,8,38,1,1.53E-05,477.51697,479.14494,477.51697,479.14494,477.51697,479.14494,0.002060779,0.000203148,0.002279195,0.002557045,3.094842088,4.747680921
P_lividus_2022,Laboratory microcosm experiment,Paracentrotus lividus,marinespecies.org/aphia.php?p=taxdetails&id=124318,27-10-2022,31-10-2022,experiment1_single_driver,ST3,9,379.286,73.5715,20,8.1,0.18,19.7,8.013091905,0.2,8,19.9,2556.673,2557.416,2557.0445,8.02,8.0062,8.0131,8,38,1,1.53E-05,477.51697,479.14494,477.51697,479.14494,477.51697,479.14494,0.002060779,0.000203148,0.002279195,0.002557045,3.094842088,4.747680921
P_lividus_2022,Laboratory microcosm experiment,Paracentrotus lividus,marinespecies.org/aphia.php?p=taxdetails&id=124318,27-10-2022,31-10-2022,experiment1_single_driver,ST3,10,385.994,75.2485,20,8.1,0.18,19.7,8.013091905,0.2,8,19.9,2556.673,2557.416,2557.0445,8.02,8.0062,8.0131,8,38,1,1.53E-05,477.51697,479.14494,477.51697,479.14494,477.51697,479.14494,0.002060779,0.000203148,0.002279195,0.002557045,3.094842088,4.747680921
P_lividus_2022,Laboratory microcosm experiment,Paracentrotus lividus,marinespecies.org/aphia.php?p=taxdetails&id=124318,27-10-2022,31-10-2022,experiment1_single_driver,ST3,11,380.236,73.809,20,8.1,0.18,19.7,8.013091905,0.2,8,19.9,2556.673,2557.416,2557.0445,8.02,8.0062,8.0131,8,38,1,1.53E-05,477.51697,479.14494,477.51697,479.14494,477.51697,479.14494,0.002060779,0.000203148,0.002279195,0.002557045,3.094842088,4.747680921
P_lividus_2022,Laboratory microcosm experiment,Paracentrotus lividus,marinespecies.org/aphia.php?p=taxdetails&id=124318,27-10-2022,31-10-2022,experiment1_single_driver,ST3,12,380.985,73.99625,20,8.1,0.18,19.7,8.013091905,0.2,8,19.9,2556.673,2557.416,2557.0445,8.02,8.0062,8.0131,8,38,1,1.53E-05,477.51697,479.14494,477.51697,479.14494,477.51697,479.14494,0.002060779,0.000203148,0.002279195,0.002557045,3.094842088,4.747680921
P_lividus_2022,Laboratory microcosm experiment,Paracentrotus lividus,marinespecies.org/aphia.php?p=taxdetails&id=124318,27-10-2022,31-10-2022,experiment1_single_driver,ST3,13,375.686,72.6715,20,8.1,0.18,19.7,8.013091905,0.2,8,19.9,2556.673,2557.416,2557.0445,8.02,8.0062,8.0131,8,38,1,1.53E-05,477.51697,479.14494,477.51697,479.14494,477.51697,479.14494,0.002060779,0.000203148,0.002279195,0.002557045,3.094842088,4.747680921
P_lividus_2022,Laboratory microcosm experiment,Paracentrotus lividus,marinespecies.org/aphia.php?p=taxdetails&id=124318,27-10-2022,31-10-2022,experiment1_single_driver,ST3,14,405.115,80.02875,20,8.1,0.18,19.7,8.013091905,0.2,8,19.9,2556.673,2557.416,2557.0445,8.02,8.0062,8.0131,8,38,1,1.53E-05,477.51697,479.14494,477.51697,479.14494,477.51697,479.14494,0.002060779,0.000203148,0.002279195,0.002557045,3.094842088,4.747680921
P_lividus_2022,Laboratory microcosm experiment,Paracentrotus lividus,marinespecies.org/aphia.php?p=taxdetails&id=124318,27-10-2022,31-10-2022,experiment1_single_driver,ST3,15,386.181,75.29525,20,8.1,0.18,19.7,8.013091905,0.2,8,19.9,2556.673,2557.416,2557.0445,8.02,8.0062,8.0131,8,38,1,1.53E-05,477.51697,479.14494,477.51697,479.14494,477.51697,479.14494,0.002060779,0.000203148,0.002279195,0.002557045,3.094842088,4.747680921
P_lividus_2022,Laboratory microcosm experiment,Paracentrotus lividus,marinespecies.org/aphia.php?p=taxdetails&id=124318,27-10-2022,31-10-2022,experiment1_single_driver,ST3,16,390.135,76.28375,20,8.1,0.18,19.7,8.013091905,0.2,8,19.9,2556.673,2557.416,2557.0445,8.02,8.0062,8.0131,8,38,1,1.53E-05,477.51697,479.14494,477.51697,479.14494,477.51697,479.14494,0.002060779,0.000203148,0.002279195,0.002557045,3.094842088,4.747680921
P_lividus_2022,Laboratory microcosm experiment,Paracentrotus lividus,marinespecies.org/aphia.php?p=taxdetails&id=124319,27-10-2022,31-10-2022,experiment1_single_driver,ST4,1,340.002,63.7505,24,8.1,0.18,25.1,8.004090664,0.19,7.97,25,2530.928,2532.672,2531.8,8.0103,7.9978,8.0041,8,38,1,1.34E-05,480.72525,482.26431,480.72525,482.26431,480.72525,482.26432,0.00197105,0.000229988,0.002214474,0.0025318,3.57020734,5.397664718
P_lividus_2022,Laboratory microcosm experiment,Paracentrotus lividus,marinespecies.org/aphia.php?p=taxdetails&id=124319,27-10-2022,31-10-2022,experiment1_single_driver,ST4,2,383.914,74.7285,24,8.1,0.18,25.1,8.004090664,0.19,7.97,25,2530.928,2532.672,2531.8,8.0103,7.9978,8.0041,8,38,1,1.34E-05,480.72525,482.26431,480.72525,482.26431,480.72525,482.26432,0.00197105,0.000229988,0.002214474,0.0025318,3.57020734,5.397664718
P_lividus_2022,Laboratory microcosm experiment,Paracentrotus lividus,marinespecies.org/aphia.php?p=taxdetails&id=124319,27-10-2022,31-10-2022,experiment1_single_driver,ST4,3,347.39,65.5975,24,8.1,0.18,25.1,8.004090664,0.19,7.97,25,2530.928,2532.672,2531.8,8.0103,7.9978,8.0041,8,38,1,1.34E-05,480.72525,482.26431,480.72525,482.26431,480.72525,482.26432,0.00197105,0.000229988,0.002214474,0.0025318,3.57020734,5.397664718
P_lividus_2022,Laboratory microcosm experiment,Paracentrotus lividus,marinespecies.org/aphia.php?p=taxdetails&id=124319,27-10-2022,31-10-2022,experiment1_single_driver,ST4,4,377.323,73.08075,24,8.1,0.18,25.1,8.004090664,0.19,7.97,25,2530.928,2532.672,2531.8,8.0103,7.9978,8.0041,8,38,1,1.34E-05,480.72525,482.26431,480.72525,482.26431,480.72525,482.26432,0.00197105,0.000229988,0.002214474,0.0025318,3.57020734,5.397664718
P_lividus_2022,Laboratory microcosm experiment,Paracentrotus lividus,marinespecies.org/aphia.php?p=taxdetails&id=124319,27-10-2022,31-10-2022,experiment1_single_driver,ST4,5,361.034,69.0085,24,8.1,0.18,25.1,8.004090664,0.19,7.97,25,2530.928,2532.672,2531.8,8.0103,7.9978,8.0041,8,38,1,1.34E-05,480.72525,482.26431,480.72525,482.26431,480.72525,482.26432,0.00197105,0.000229988,0.002214474,0.0025318,3.57020734,5.397664718
P_lividus_2022,Laboratory microcosm experiment,Paracentrotus lividus,marinespecies.org/aphia.php?p=taxdetails&id=124319,27-10-2022,31-10-2022,experiment1_single_driver,ST4,6,365.519,70.12975,24,8.1,0.18,25.1,8.004090664,0.19,7.97,25,2530.928,2532.672,2531.8,8.0103,7.9978,8.0041,8,38,1,1.34E-05,480.72525,482.26431,480.72525,482.26431,480.72525,482.26432,0.00197105,0.000229988,0.002214474,0.0025318,3.57020734,5.397664718
P_lividus_2022,Laboratory microcosm experiment,Paracentrotus lividus,marinespecies.org/aphia.php?p=taxdetails&id=124319,27-10-2022,31-10-2022,experiment1_single_driver,ST4,7,392.231,76.80775,24,8.1,0.18,25.1,8.004090664,0.19,7.97,25,2530.928,2532.672,2531.8,8.0103,7.9978,8.0041,8,38,1,1.34E-05,480.72525,482.26431,480.72525,482.26431,480.72525,482.26432,0.00197105,0.000229988,0.002214474,0.0025318,3.57020734,5.397664718
P_lividus_2022,Laboratory microcosm experiment,Paracentrotus lividus,marinespecies.org/aphia.php?p=taxdetails&id=124319,27-10-2022,31-10-2022,experiment1_single_driver,ST4,8,381.537,74.13425,24,8.1,0.18,25.1,8.004090664,0.19,7.97,25,2530.928,2532.672,2531.8,8.0103,7.9978,8.0041,8,38,1,1.34E-05,480.72525,482.26431,480.72525,482.26431,480.72525,482.26432,0.00197105,0.000229988,0.002214474,0.0025318,3.57020734,5.397664718
P_lividus_2022,Laboratory microcosm experiment,Paracentrotus lividus,marinespecies.org/aphia.php?p=taxdetails&id=124319,27-10-2022,31-10-2022,experiment1_single_driver,ST4,9,386.136,75.284,24,8.1,0.18,25.1,8.004090664,0.19,7.97,25,2530.928,2532.672,2531.8,8.0103,7.9978,8.0041,8,38,1,1.34E-05,480.72525,482.26431,480.72525,482.26431,480.72525,482.26432,0.00197105,0.000229988,0.002214474,0.0025318,3.57020734,5.397664718
P_lividus_2022,Laboratory microcosm experiment,Paracentrotus lividus,marinespecies.org/aphia.php?p=taxdetails&id=124319,27-10-2022,31-10-2022,experiment1_single_driver,ST4,10,360.455,68.86375,24,8.1,0.18,25.1,8.004090664,0.19,7.97,25,2530.928,2532.672,2531.8,8.0103,7.9978,8.0041,8,38,1,1.34E-05,480.72525,482.26431,480.72525,482.26431,480.72525,482.26432,0.00197105,0.000229988,0.002214474,0.0025318,3.57020734,5.397664718
P_lividus_2022,Laboratory microcosm experiment,Paracentrotus lividus,marinespecies.org/aphia.php?p=taxdetails&id=124320,27-10-2022,31-10-2022,experiment1_single_driver,ST5,1,308.4,55.85,30,8.1,0.18,30.2,8.0434916,0.19,8.02,27.5,2575.051,2575.785,2575.418,8.0448,8.0421,8.0435,8,38,1,1.14E-05,434.14219,435.49049,434.14219,435.49049,434.14219,435.49049,0.001921967,0.000269016,0.002202396,0.002575418,4.222967816,6.333898446
P_lividus_2022,Laboratory microcosm experiment,Paracentrotus lividus,marinespecies.org/aphia.php?p=taxdetails&id=124320,27-10-2022,31-10-2022,experiment1_single_driver,ST5,2,312,56.75,30,8.1,0.18,30.2,8.0434916,0.19,8.02,27.5,2575.051,2575.785,2575.418,8.0448,8.0421,8.0435,8,38,1,1.14E-05,434.14219,435.49049,434.14219,435.49049,434.14219,435.49049,0.001921967,0.000269016,0.002202396,0.002575418,4.222967816,6.333898446
P_lividus_2022,Laboratory microcosm experiment,Paracentrotus lividus,marinespecies.org/aphia.php?p=taxdetails&id=124320,27-10-2022,31-10-2022,experiment1_single_driver,ST5,3,308.9,55.975,30,8.1,0.18,30.2,8.0434916,0.19,8.02,27.5,2575.051,2575.785,2575.418,8.0448,8.0421,8.0435,8,38,1,1.14E-05,434.14219,435.49049,434.14219,435.49049,434.14219,435.49049,0.001921967,0.000269016,0.002202396,0.002575418,4.222967816,6.333898446
P_lividus_2022,Laboratory microcosm experiment,Paracentrotus lividus,marinespecies.org/aphia.php?p=taxdetails&id=124320,27-10-2022,31-10-2022,experiment1_single_driver,ST5,4,346.4,65.35,30,8.1,0.18,30.2,8.0434916,0.19,8.02,27.5,2575.051,2575.785,2575.418,8.0448,8.0421,8.0435,8,38,1,1.14E-05,434.14219,435.49049,434.14219,435.49049,434.14219,435.49049,0.001921967,0.000269016,0.002202396,0.002575418,4.222967816,6.333898446
P_lividus_2022,Laboratory microcosm experiment,Paracentrotus lividus,marinespecies.org/aphia.php?p=taxdetails&id=124320,27-10-2022,31-10-2022,experiment1_single_driver,ST5,5,376.8,72.95,30,8.1,0.18,30.2,8.0434916,0.19,8.02,27.5,2575.051,2575.785,2575.418,8.0448,8.0421,8.0435,8,38,1,1.14E-05,434.14219,435.49049,434.14219,435.49049,434.14219,435.49049,0.001921967,0.000269016,0.002202396,0.002575418,4.222967816,6.333898446
P_lividus_2022,Laboratory microcosm experiment,Paracentrotus lividus,marinespecies.org/aphia.php?p=taxdetails&id=124320,27-10-2022,31-10-2022,experiment1_single_driver,ST5,6,320.7,58.925,30,8.1,0.18,30.2,8.0434916,0.19,8.02,27.5,2575.051,2575.785,2575.418,8.0448,8.0421,8.0435,8,38,1,1.14E-05,434.14219,435.49049,434.14219,435.49049,434.14219,435.49049,0.001921967,0.000269016,0.002202396,0.002575418,4.222967816,6.333898446
P_lividus_2022,Laboratory microcosm experiment,Paracentrotus lividus,marinespecies.org/aphia.php?p=taxdetails&id=124320,27-10-2022,31-10-2022,experiment1_single_driver,ST5,7,378.5,73.375,30,8.1,0.18,30.2,8.0434916,0.19,8.02,27.5,2575.051,2575.785,2575.418,8.0448,8.0421,8.0435,8,38,1,1.14E-05,434.14219,435.49049,434.14219,435.49049,434.14219,435.49049,0.001921967,0.000269016,0.002202396,0.002575418,4.222967816,6.333898446
P_lividus_2022,Laboratory microcosm experiment,Paracentrotus lividus,marinespecies.org/aphia.php?p=taxdetails&id=124318,27-10-2022,31-10-2022,experiment2_multiple_drivers,ML1P2_20_R1,1,332.21,61.8,20,7.7,0.18,20.5,7.676314826,0.19,7.55,20.5,2534.66392,2516.07154,2525.36773,7.680328613,7.672355972,7.676342292,8,38,1,3.60E-05,1145.472,1149.351,1145.472,1149.351,1145.472,1149.351,0.002268,0.000105,0.002409,0.002525,1.607368,2.461872
P_lividus_2022,Laboratory microcosm experiment,Paracentrotus lividus,marinespecies.org/aphia.php?p=taxdetails&id=124318,27-10-2022,31-10-2022,experiment2_multiple_drivers,ML1P2_20_R1,2,297.5,53.12,20,7.7,0.18,20.5,7.676314826,0.19,7.55,20.5,2534.66392,2516.07154,2525.36773,7.680328613,7.672355972,7.676342292,8,38,1,3.60E-05,1145.472,1149.351,1145.472,1149.351,1145.472,1149.351,0.002268,0.000105,0.002409,0.002525,1.607368,2.461872
P_lividus_2022,Laboratory microcosm experiment,Paracentrotus lividus,marinespecies.org/aphia.php?p=taxdetails&id=124318,27-10-2022,31-10-2022,experiment2_multiple_drivers,ML1P2_20_R1,3,344.95,64.99,20,7.7,0.18,20.5,7.676314826,0.19,7.55,20.5,2534.66392,2516.07154,2525.36773,7.680328613,7.672355972,7.676342292,8,38,1,3.60E-05,1145.472,1149.351,1145.472,1149.351,1145.472,1149.351,0.002268,0.000105,0.002409,0.002525,1.607368,2.461872
P_lividus_2022,Laboratory microcosm experiment,Paracentrotus lividus,marinespecies.org/aphia.php?p=taxdetails&id=124318,27-10-2022,31-10-2022,experiment2_multiple_drivers,ML1P2_20_R1,4,374.4,72.35,20,7.7,0.18,20.5,7.676314826,0.19,7.55,20.5,2534.66392,2516.07154,2525.36773,7.680328613,7.672355972,7.676342292,8,38,1,3.60E-05,1145.472,1149.351,1145.472,1149.351,1145.472,1149.351,0.002268,0.000105,0.002409,0.002525,1.607368,2.461872
P_lividus_2022,Laboratory microcosm experiment,Paracentrotus lividus,marinespecies.org/aphia.php?p=taxdetails&id=124318,27-10-2022,31-10-2022,experiment2_multiple_drivers,ML1P2_20_R1,5,363.87,69.72,20,7.7,0.18,20.5,7.676314826,0.19,7.55,20.5,2534.66392,2516.07154,2525.36773,7.680328613,7.672355972,7.676342292,8,38,1,3.60E-05,1145.472,1149.351,1145.472,1149.351,1145.472,1149.351,0.002268,0.000105,0.002409,0.002525,1.607368,2.461872
P_lividus_2022,Laboratory microcosm experiment,Paracentrotus lividus,marinespecies.org/aphia.php?p=taxdetails&id=124318,27-10-2022,31-10-2022,experiment2_multiple_drivers,ML1P2_20_R1,6,383.87,74.72,20,7.7,0.18,20.5,7.676314826,0.19,7.55,20.5,2534.66392,2516.07154,2525.36773,7.680328613,7.672355972,7.676342292,8,38,1,3.60E-05,1145.472,1149.351,1145.472,1149.351,1145.472,1149.351,0.002268,0.000105,0.002409,0.002525,1.607368,2.461872
P_lividus_2022,Laboratory microcosm experiment,Paracentrotus lividus,marinespecies.org/aphia.php?p=taxdetails&id=124318,27-10-2022,31-10-2022,experiment2_multiple_drivers,ML1P2_20_R1,7,344.14,64.78,20,7.7,0.18,20.5,7.676314826,0.19,7.55,20.5,2534.66392,2516.07154,2525.36773,7.680328613,7.672355972,7.676342292,8,38,1,3.60E-05,1145.472,1149.351,1145.472,1149.351,1145.472,1149.351,0.002268,0.000105,0.002409,0.002525,1.607368,2.461872
P_lividus_2022,Laboratory microcosm experiment,Paracentrotus lividus,marinespecies.org/aphia.php?p=taxdetails&id=124318,27-10-2022,31-10-2022,experiment2_multiple_drivers,ML1P2_20_R1,8,311.74,56.68,20,7.7,0.18,20.5,7.676314826,0.19,7.55,20.5,2534.66392,2516.07154,2525.36773,7.680328613,7.672355972,7.676342292,8,38,1,3.60E-05,1145.472,1149.351,1145.472,1149.351,1145.472,1149.351,0.002268,0.000105,0.002409,0.002525,1.607368,2.461872
P_lividus_2022,Laboratory microcosm experiment,Paracentrotus lividus,marinespecies.org/aphia.php?p=taxdetails&id=124318,27-10-2022,31-10-2022,experiment2_multiple_drivers,ML1P2_20_R1,9,348.42,65.86,20,7.7,0.18,20.5,7.676314826,0.19,7.55,20.5,2534.66392,2516.07154,2525.36773,7.680328613,7.672355972,7.676342292,8,38,1,3.60E-05,1145.472,1149.351,1145.472,1149.351,1145.472,1149.351,0.002268,0.000105,0.002409,0.002525,1.607368,2.461872
P_lividus_2022,Laboratory microcosm experiment,Paracentrotus lividus,marinespecies.org/aphia.php?p=taxdetails&id=124318,27-10-2022,31-10-2022,experiment2_multiple_drivers,ML1P2_20_R1,10,315.94,57.74,20,7.7,0.18,20.5,7.676314826,0.19,7.55,20.5,2534.66392,2516.07154,2525.36773,7.680328613,7.672355972,7.676342292,8,38,1,3.60E-05,1145.472,1149.351,1145.472,1149.351,1145.472,1149.351,0.002268,0.000105,0.002409,0.002525,1.607368,2.461872
P_lividus_2022,Laboratory microcosm experiment,Paracentrotus lividus,marinespecies.org/aphia.php?p=taxdetails&id=124318,27-10-2022,31-10-2022,experiment2_multiple_drivers,ML1P2_20_R1,11,325.32,60.08,20,7.7,0.18,20.5,7.676314826,0.19,7.55,20.5,2534.66392,2516.07154,2525.36773,7.680328613,7.672355972,7.676342292,8,38,1,3.60E-05,1145.472,1149.351,1145.472,1149.351,1145.472,1149.351,0.002268,0.000105,0.002409,0.002525,1.607368,2.461872
P_lividus_2022,Laboratory microcosm experiment,Paracentrotus lividus,marinespecies.org/aphia.php?p=taxdetails&id=124319,27-10-2022,31-10-2022,experiment2_multiple_drivers,ML1P2_20_R2,1,316.01,57.75,20,7.7,0.18,20.7,7.667581958,0.18,7.54,20.7,2471.93273,2471.799,2471.865865,7.656876117,7.678345569,7.667610843,8,38,1,3.59E-05,1146.417,1150.29,1146.417,1150.29,1146.417,1150.29,0.002222,0.000102,0.00236,0.002472,1.556017,2.381937
P_lividus_2022,Laboratory microcosm experiment,Paracentrotus lividus,marinespecies.org/aphia.php?p=taxdetails&id=124319,27-10-2022,31-10-2022,experiment2_multiple_drivers,ML1P2_20_R2,2,373.48,72.12,20,7.7,0.18,20.7,7.667581958,0.18,7.54,20.7,2471.93273,2471.799,2471.865865,7.656876117,7.678345569,7.667610843,8,38,1,3.59E-05,1146.417,1150.29,1146.417,1150.29,1146.417,1150.29,0.002222,0.000102,0.00236,0.002472,1.556017,2.381937
P_lividus_2022,Laboratory microcosm experiment,Paracentrotus lividus,marinespecies.org/aphia.php?p=taxdetails&id=124319,27-10-2022,31-10-2022,experiment2_multiple_drivers,ML1P2_20_R2,3,393.36,77.09,20,7.7,0.18,20.7,7.667581958,0.18,7.54,20.7,2471.93273,2471.799,2471.865865,7.656876117,7.678345569,7.667610843,8,38,1,3.59E-05,1146.417,1150.29,1146.417,1150.29,1146.417,1150.29,0.002222,0.000102,0.00236,0.002472,1.556017,2.381937
P_lividus_2022,Laboratory microcosm experiment,Paracentrotus lividus,marinespecies.org/aphia.php?p=taxdetails&id=124319,27-10-2022,31-10-2022,experiment2_multiple_drivers,ML1P2_20_R2,4,361.7,69.17,20,7.7,0.18,20.7,7.667581958,0.18,7.54,20.7,2471.93273,2471.799,2471.865865,7.656876117,7.678345569,7.667610843,8,38,1,3.59E-05,1146.417,1150.29,1146.417,1150.29,1146.417,1150.29,0.002222,0.000102,0.00236,0.002472,1.556017,2.381937
P_lividus_2022,Laboratory microcosm experiment,Paracentrotus lividus,marinespecies.org/aphia.php?p=taxdetails&id=124320,27-10-2022,31-10-2022,experiment2_multiple_drivers,ML2P1_20_R1,1,330.81,61.45,20,8.1,7,20.6,7.968508809,7,7.97,20.6,2499.35971,2500.7397,2500.049705,7.968640037,7.968397239,7.968518638,8,38,1,1.65E-05,526.7942,528.5747,526.7942,528.5747,526.7942,528.5747,0.002043,0.000187,0.002246,0.0025,2.848565,4.361736
P_lividus_2022,Laboratory microcosm experiment,Paracentrotus lividus,marinespecies.org/aphia.php?p=taxdetails&id=124320,27-10-2022,31-10-2022,experiment2_multiple_drivers,ML2P1_20_R1,2,359.44,68.61,20,8.1,7,20.6,7.968508809,7,7.97,20.6,2499.35971,2500.7397,2500.049705,7.968640037,7.968397239,7.968518638,8,38,1,1.65E-05,526.7942,528.5747,526.7942,528.5747,526.7942,528.5747,0.002043,0.000187,0.002246,0.0025,2.848565,4.361736
P_lividus_2022,Laboratory microcosm experiment,Paracentrotus lividus,marinespecies.org/aphia.php?p=taxdetails&id=124320,27-10-2022,31-10-2022,experiment2_multiple_drivers,ML2P1_20_R1,3,308.23,55.81,20,8.1,7,20.6,7.968508809,7,7.97,20.6,2499.35971,2500.7397,2500.049705,7.968640037,7.968397239,7.968518638,8,38,1,1.65E-05,526.7942,528.5747,526.7942,528.5747,526.7942,528.5747,0.002043,0.000187,0.002246,0.0025,2.848565,4.361736
P_lividus_2022,Laboratory microcosm experiment,Paracentrotus lividus,marinespecies.org/aphia.php?p=taxdetails&id=124320,27-10-2022,31-10-2022,experiment2_multiple_drivers,ML2P1_20_R1,4,375.46,72.62,20,8.1,7,20.6,7.968508809,7,7.97,20.6,2499.35971,2500.7397,2500.049705,7.968640037,7.968397239,7.968518638,8,38,1,1.65E-05,526.7942,528.5747,526.7942,528.5747,526.7942,528.5747,0.002043,0.000187,0.002246,0.0025,2.848565,4.361736
P_lividus_2022,Laboratory microcosm experiment,Paracentrotus lividus,marinespecies.org/aphia.php?p=taxdetails&id=124320,27-10-2022,31-10-2022,experiment2_multiple_drivers,ML2P1_20_R1,5,380.63,73.91,20,8.1,7,20.6,7.968508809,7,7.97,20.6,2499.35971,2500.7397,2500.049705,7.968640037,7.968397239,7.968518638,8,38,1,1.65E-05,526.7942,528.5747,526.7942,528.5747,526.7942,528.5747,0.002043,0.000187,0.002246,0.0025,2.848565,4.361736
P_lividus_2022,Laboratory microcosm experiment,Paracentrotus lividus,marinespecies.org/aphia.php?p=taxdetails&id=124320,27-10-2022,31-10-2022,experiment2_multiple_drivers,ML2P1_20_R1,6,382.3,74.32,20,8.1,7,20.6,7.968508809,7,7.97,20.6,2499.35971,2500.7397,2500.049705,7.968640037,7.968397239,7.968518638,8,38,1,1.65E-05,526.7942,528.5747,526.7942,528.5747,526.7942,528.5747,0.002043,0.000187,0.002246,0.0025,2.848565,4.361736
P_lividus_2022,Laboratory microcosm experiment,Paracentrotus lividus,marinespecies.org/aphia.php?p=taxdetails&id=124320,27-10-2022,31-10-2022,experiment2_multiple_drivers,ML2P1_20_R1,7,358.93,68.48,20,8.1,7,20.6,7.968508809,7,7.97,20.6,2499.35971,2500.7397,2500.049705,7.968640037,7.968397239,7.968518638,8,38,1,1.65E-05,526.7942,528.5747,526.7942,528.5747,526.7942,528.5747,0.002043,0.000187,0.002246,0.0025,2.848565,4.361736
P_lividus_2022,Laboratory microcosm experiment,Paracentrotus lividus,marinespecies.org/aphia.php?p=taxdetails&id=124320,27-10-2022,31-10-2022,experiment2_multiple_drivers,ML2P1_20_R1,8,340.2,63.8,20,8.1,7,20.6,7.968508809,7,7.97,20.6,2499.35971,2500.7397,2500.049705,7.968640037,7.968397239,7.968518638,8,38,1,1.65E-05,526.7942,528.5747,526.7942,528.5747,526.7942,528.5747,0.002043,0.000187,0.002246,0.0025,2.848565,4.361736
P_lividus_2022,Laboratory microcosm experiment,Paracentrotus lividus,marinespecies.org/aphia.php?p=taxdetails&id=124320,27-10-2022,31-10-2022,experiment2_multiple_drivers,ML2P1_20_R1,9,343.85,64.71,20,8.1,7,20.6,7.968508809,7,7.97,20.6,2499.35971,2500.7397,2500.049705,7.968640037,7.968397239,7.968518638,8,38,1,1.65E-05,526.7942,528.5747,526.7942,528.5747,526.7942,528.5747,0.002043,0.000187,0.002246,0.0025,2.848565,4.361736
P_lividus_2022,Laboratory microcosm experiment,Paracentrotus lividus,marinespecies.org/aphia.php?p=taxdetails&id=124320,27-10-2022,31-10-2022,experiment2_multiple_drivers,ML2P1_20_R1,10,310.37,56.34,20,8.1,7,20.6,7.968508809,7,7.97,20.6,2499.35971,2500.7397,2500.049705,7.968640037,7.968397239,7.968518638,8,38,1,1.65E-05,526.7942,528.5747,526.7942,528.5747,526.7942,528.5747,0.002043,0.000187,0.002246,0.0025,2.848565,4.361736
P_lividus_2022,Laboratory microcosm experiment,Paracentrotus lividus,marinespecies.org/aphia.php?p=taxdetails&id=124321,27-10-2022,31-10-2022,experiment2_multiple_drivers,ML2P1_20_R2,1,371.32,71.58,20,8.1,7,20.5,7.971311539,8,7.97,20.5,2499.34378,2496.83552,2498.08965,7.971250438,7.97139207,7.971321254,8,38,1,1.64E-05,522.3891,524.1569,522.3891,524.1569,522.3891,524.1569,0.00204,0.000187,0.002243,0.002498,2.851563,4.367501
P_lividus_2022,Laboratory microcosm experiment,Paracentrotus lividus,marinespecies.org/aphia.php?p=taxdetails&id=124321,27-10-2022,31-10-2022,experiment2_multiple_drivers,ML2P1_20_R2,2,379.99,73.75,20,8.1,7,20.5,7.971311539,8,7.97,20.5,2499.34378,2496.83552,2498.08965,7.971250438,7.97139207,7.971321254,8,38,1,1.64E-05,522.3891,524.1569,522.3891,524.1569,522.3891,524.1569,0.00204,0.000187,0.002243,0.002498,2.851563,4.367501
P_lividus_2022,Laboratory microcosm experiment,Paracentrotus lividus,marinespecies.org/aphia.php?p=taxdetails&id=124321,27-10-2022,31-10-2022,experiment2_multiple_drivers,ML2P1_20_R2,3,350.84,66.46,20,8.1,7,20.5,7.971311539,8,7.97,20.5,2499.34378,2496.83552,2498.08965,7.971250438,7.97139207,7.971321254,8,38,1,1.64E-05,522.3891,524.1569,522.3891,524.1569,522.3891,524.1569,0.00204,0.000187,0.002243,0.002498,2.851563,4.367501
P_lividus_2022,Laboratory microcosm experiment,Paracentrotus lividus,marinespecies.org/aphia.php?p=taxdetails&id=124321,27-10-2022,31-10-2022,experiment2_multiple_drivers,ML2P1_20_R2,4,356.01,67.75,20,8.1,7,20.5,7.971311539,8,7.97,20.5,2499.34378,2496.83552,2498.08965,7.971250438,7.97139207,7.971321254,8,38,1,1.64E-05,522.3891,524.1569,522.3891,524.1569,522.3891,524.1569,0.00204,0.000187,0.002243,0.002498,2.851563,4.367501
P_lividus_2022,Laboratory microcosm experiment,Paracentrotus lividus,marinespecies.org/aphia.php?p=taxdetails&id=124321,27-10-2022,31-10-2022,experiment2_multiple_drivers,ML2P1_20_R2,5,372.46,71.86,20,8.1,7,20.5,7.971311539,8,7.97,20.5,2499.34378,2496.83552,2498.08965,7.971250438,7.97139207,7.971321254,8,38,1,1.64E-05,522.3891,524.1569,522.3891,524.1569,522.3891,524.1569,0.00204,0.000187,0.002243,0.002498,2.851563,4.367501
P_lividus_2022,Laboratory microcosm experiment,Paracentrotus lividus,marinespecies.org/aphia.php?p=taxdetails&id=124321,27-10-2022,31-10-2022,experiment2_multiple_drivers,ML2P1_20_R2,6,393.75,77.19,20,8.1,7,20.5,7.971311539,8,7.97,20.5,2499.34378,2496.83552,2498.08965,7.971250438,7.97139207,7.971321254,8,38,1,1.64E-05,522.3891,524.1569,522.3891,524.1569,522.3891,524.1569,0.00204,0.000187,0.002243,0.002498,2.851563,4.367501
P_lividus_2022,Laboratory microcosm experiment,Paracentrotus lividus,marinespecies.org/aphia.php?p=taxdetails&id=124321,27-10-2022,31-10-2022,experiment2_multiple_drivers,ML2P1_20_R2,7,405.93,80.23,20,8.1,7,20.5,7.971311539,8,7.97,20.5,2499.34378,2496.83552,2498.08965,7.971250438,7.97139207,7.971321254,8,38,1,1.64E-05,522.3891,524.1569,522.3891,524.1569,522.3891,524.1569,0.00204,0.000187,0.002243,0.002498,2.851563,4.367501
P_lividus_2022,Laboratory microcosm experiment,Paracentrotus lividus,marinespecies.org/aphia.php?p=taxdetails&id=124321,27-10-2022,31-10-2022,experiment2_multiple_drivers,ML2P1_20_R2,8,350.28,66.32,20,8.1,7,20.5,7.971311539,8,7.97,20.5,2499.34378,2496.83552,2498.08965,7.971250438,7.97139207,7.971321254,8,38,1,1.64E-05,522.3891,524.1569,522.3891,524.1569,522.3891,524.1569,0.00204,0.000187,0.002243,0.002498,2.851563,4.367501
P_lividus_2022,Laboratory microcosm experiment,Paracentrotus lividus,marinespecies.org/aphia.php?p=taxdetails&id=124326,27-10-2022,31-10-2022,experiment2_multiple_drivers,ML1P2_24_R1,1,352.57,66.89,24,7.7,0.18,25.5,7.752493865,0.17,7.49,25.5,2488.15563,2488.18145,2488.16854,7.756170062,7.748865115,7.752517589,8,38,1,2.58E-05,934.389,937.3638,934.389,937.3638,934.389,937.3639,0.00214,0.000143,0.002309,0.002488,2.217209,3.346922
P_lividus_2022,Laboratory microcosm experiment,Paracentrotus lividus,marinespecies.org/aphia.php?p=taxdetails&id=124326,27-10-2022,31-10-2022,experiment2_multiple_drivers,ML1P2_24_R1,2,411.64,81.66,24,7.7,0.18,25.5,7.752493865,0.17,7.49,25.5,2488.15563,2488.18145,2488.16854,7.756170062,7.748865115,7.752517589,8,38,1,2.58E-05,934.389,937.3638,934.389,937.3638,934.389,937.3639,0.00214,0.000143,0.002309,0.002488,2.217209,3.346922
P_lividus_2022,Laboratory microcosm experiment,Paracentrotus lividus,marinespecies.org/aphia.php?p=taxdetails&id=124326,27-10-2022,31-10-2022,experiment2_multiple_drivers,ML1P2_24_R1,3,374.67,72.42,24,7.7,0.18,25.5,7.752493865,0.17,7.49,25.5,2488.15563,2488.18145,2488.16854,7.756170062,7.748865115,7.752517589,8,38,1,2.58E-05,934.389,937.3638,934.389,937.3638,934.389,937.3639,0.00214,0.000143,0.002309,0.002488,2.217209,3.346922
P_lividus_2022,Laboratory microcosm experiment,Paracentrotus lividus,marinespecies.org/aphia.php?p=taxdetails&id=124326,27-10-2022,31-10-2022,experiment2_multiple_drivers,ML1P2_24_R1,4,348.47,65.87,24,7.7,0.18,25.5,7.752493865,0.17,7.49,25.5,2488.15563,2488.18145,2488.16854,7.756170062,7.748865115,7.752517589,8,38,1,2.58E-05,934.389,937.3638,934.389,937.3638,934.389,937.3639,0.00214,0.000143,0.002309,0.002488,2.217209,3.346922
P_lividus_2022,Laboratory microcosm experiment,Paracentrotus lividus,marinespecies.org/aphia.php?p=taxdetails&id=124326,27-10-2022,31-10-2022,experiment2_multiple_drivers,ML1P2_24_R1,5,386.31,75.33,24,7.7,0.18,25.5,7.752493865,0.17,7.49,25.5,2488.15563,2488.18145,2488.16854,7.756170062,7.748865115,7.752517589,8,38,1,2.58E-05,934.389,937.3638,934.389,937.3638,934.389,937.3639,0.00214,0.000143,0.002309,0.002488,2.217209,3.346922
P_lividus_2022,Laboratory microcosm experiment,Paracentrotus lividus,marinespecies.org/aphia.php?p=taxdetails&id=124326,27-10-2022,31-10-2022,experiment2_multiple_drivers,ML1P2_24_R1,6,371.3,71.57,24,7.7,0.18,25.5,7.752493865,0.17,7.49,25.5,2488.15563,2488.18145,2488.16854,7.756170062,7.748865115,7.752517589,8,38,1,2.58E-05,934.389,937.3638,934.389,937.3638,934.389,937.3639,0.00214,0.000143,0.002309,0.002488,2.217209,3.346922
P_lividus_2022,Laboratory microcosm experiment,Paracentrotus lividus,marinespecies.org/aphia.php?p=taxdetails&id=124326,27-10-2022,31-10-2022,experiment2_multiple_drivers,ML1P2_24_R1,7,413.55,82.14,24,7.7,0.18,25.5,7.752493865,0.17,7.49,25.5,2488.15563,2488.18145,2488.16854,7.756170062,7.748865115,7.752517589,8,38,1,2.58E-05,934.389,937.3638,934.389,937.3638,934.389,937.3639,0.00214,0.000143,0.002309,0.002488,2.217209,3.346922
P_lividus_2022,Laboratory microcosm experiment,Paracentrotus lividus,marinespecies.org/aphia.php?p=taxdetails&id=124326,27-10-2022,31-10-2022,experiment2_multiple_drivers,ML1P2_24_R1,8,374.84,72.46,24,7.7,0.18,25.5,7.752493865,0.17,7.49,25.5,2488.15563,2488.18145,2488.16854,7.756170062,7.748865115,7.752517589,8,38,1,2.58E-05,934.389,937.3638,934.389,937.3638,934.389,937.3639,0.00214,0.000143,0.002309,0.002488,2.217209,3.346922
P_lividus_2022,Laboratory microcosm experiment,Paracentrotus lividus,marinespecies.org/aphia.php?p=taxdetails&id=124326,27-10-2022,31-10-2022,experiment2_multiple_drivers,ML1P2_24_R1,9,398.16,78.29,24,7.7,0.18,25.5,7.752493865,0.17,7.49,25.5,2488.15563,2488.18145,2488.16854,7.756170062,7.748865115,7.752517589,8,38,1,2.58E-05,934.389,937.3638,934.389,937.3638,934.389,937.3639,0.00214,0.000143,0.002309,0.002488,2.217209,3.346922
P_lividus_2022,Laboratory microcosm experiment,Paracentrotus lividus,marinespecies.org/aphia.php?p=taxdetails&id=124326,27-10-2022,31-10-2022,experiment2_multiple_drivers,ML1P2_24_R1,10,402.06,79.27,24,7.7,0.18,25.5,7.752493865,0.17,7.49,25.5,2488.15563,2488.18145,2488.16854,7.756170062,7.748865115,7.752517589,8,38,1,2.58E-05,934.389,937.3638,934.389,937.3638,934.389,937.3639,0.00214,0.000143,0.002309,0.002488,2.217209,3.346922
P_lividus_2022,Laboratory microcosm experiment,Paracentrotus lividus,marinespecies.org/aphia.php?p=taxdetails&id=124326,27-10-2022,31-10-2022,experiment2_multiple_drivers,ML1P2_24_R1,11,384.58,74.9,24,7.7,0.18,25.5,7.752493865,0.17,7.49,25.5,2488.15563,2488.18145,2488.16854,7.756170062,7.748865115,7.752517589,8,38,1,2.58E-05,934.389,937.3638,934.389,937.3638,934.389,937.3639,0.00214,0.000143,0.002309,0.002488,2.217209,3.346922
P_lividus_2022,Laboratory microcosm experiment,Paracentrotus lividus,marinespecies.org/aphia.php?p=taxdetails&id=124326,27-10-2022,31-10-2022,experiment2_multiple_drivers,ML1P2_24_R1,12,383.95,74.74,24,7.7,0.18,25.5,7.752493865,0.17,7.49,25.5,2488.15563,2488.18145,2488.16854,7.756170062,7.748865115,7.752517589,8,38,1,2.58E-05,934.389,937.3638,934.389,937.3638,934.389,937.3639,0.00214,0.000143,0.002309,0.002488,2.217209,3.346922
P_lividus_2022,Laboratory microcosm experiment,Paracentrotus lividus,marinespecies.org/aphia.php?p=taxdetails&id=124327,27-10-2022,31-10-2022,experiment2_multiple_drivers,ML1P2_24_R2,1,361.23,69.06,24,7.7,0.18,25.4,7.759162439,0.18,7.48,25.4,2555.17094,2554.99168,2555.08131,7.760571227,7.757798961,7.759185094,8,38,1,2.61E-05,943.4401,946.4475,943.4401,946.4475,943.4401,946.4475,0.002196,0.000148,0.00237,0.002555,2.300369,3.473538
P_lividus_2022,Laboratory microcosm experiment,Paracentrotus lividus,marinespecies.org/aphia.php?p=taxdetails&id=124327,27-10-2022,31-10-2022,experiment2_multiple_drivers,ML1P2_24_R2,2,365.32,70.08,24,7.7,0.18,25.4,7.759162439,0.18,7.48,25.4,2555.17094,2554.99168,2555.08131,7.760571227,7.757798961,7.759185094,8,38,1,2.61E-05,943.4401,946.4475,943.4401,946.4475,943.4401,946.4475,0.002196,0.000148,0.00237,0.002555,2.300369,3.473538
P_lividus_2022,Laboratory microcosm experiment,Paracentrotus lividus,marinespecies.org/aphia.php?p=taxdetails&id=124327,27-10-2022,31-10-2022,experiment2_multiple_drivers,ML1P2_24_R2,3,399.55,78.64,24,7.7,0.18,25.4,7.759162439,0.18,7.48,25.4,2555.17094,2554.99168,2555.08131,7.760571227,7.757798961,7.759185094,8,38,1,2.61E-05,943.4401,946.4475,943.4401,946.4475,943.4401,946.4475,0.002196,0.000148,0.00237,0.002555,2.300369,3.473538
P_lividus_2022,Laboratory microcosm experiment,Paracentrotus lividus,marinespecies.org/aphia.php?p=taxdetails&id=124327,27-10-2022,31-10-2022,experiment2_multiple_drivers,ML1P2_24_R2,4,352.66,66.91,24,7.7,0.18,25.4,7.759162439,0.18,7.48,25.4,2555.17094,2554.99168,2555.08131,7.760571227,7.757798961,7.759185094,8,38,1,2.61E-05,943.4401,946.4475,943.4401,946.4475,943.4401,946.4475,0.002196,0.000148,0.00237,0.002555,2.300369,3.473538
P_lividus_2022,Laboratory microcosm experiment,Paracentrotus lividus,marinespecies.org/aphia.php?p=taxdetails&id=124327,27-10-2022,31-10-2022,experiment2_multiple_drivers,ML1P2_24_R2,5,366.08,70.27,24,7.7,0.18,25.4,7.759162439,0.18,7.48,25.4,2555.17094,2554.99168,2555.08131,7.760571227,7.757798961,7.759185094,8,38,1,2.61E-05,943.4401,946.4475,943.4401,946.4475,943.4401,946.4475,0.002196,0.000148,0.00237,0.002555,2.300369,3.473538
P_lividus_2022,Laboratory microcosm experiment,Paracentrotus lividus,marinespecies.org/aphia.php?p=taxdetails&id=124327,27-10-2022,31-10-2022,experiment2_multiple_drivers,ML1P2_24_R2,6,379.36,73.59,24,7.7,0.18,25.4,7.759162439,0.18,7.48,25.4,2555.17094,2554.99168,2555.08131,7.760571227,7.757798961,7.759185094,8,38,1,2.61E-05,943.4401,946.4475,943.4401,946.4475,943.4401,946.4475,0.002196,0.000148,0.00237,0.002555,2.300369,3.473538
P_lividus_2022,Laboratory microcosm experiment,Paracentrotus lividus,marinespecies.org/aphia.php?p=taxdetails&id=124327,27-10-2022,31-10-2022,experiment2_multiple_drivers,ML1P2_24_R2,7,369.84,71.21,24,7.7,0.18,25.4,7.759162439,0.18,7.48,25.4,2555.17094,2554.99168,2555.08131,7.760571227,7.757798961,7.759185094,8,38,1,2.61E-05,943.4401,946.4475,943.4401,946.4475,943.4401,946.4475,0.002196,0.000148,0.00237,0.002555,2.300369,3.473538
P_lividus_2022,Laboratory microcosm experiment,Paracentrotus lividus,marinespecies.org/aphia.php?p=taxdetails&id=124327,27-10-2022,31-10-2022,experiment2_multiple_drivers,ML1P2_24_R2,8,364.69,69.92,24,7.7,0.18,25.4,7.759162439,0.18,7.48,25.4,2555.17094,2554.99168,2555.08131,7.760571227,7.757798961,7.759185094,8,38,1,2.61E-05,943.4401,946.4475,943.4401,946.4475,943.4401,946.4475,0.002196,0.000148,0.00237,0.002555,2.300369,3.473538
P_lividus_2022,Laboratory microcosm experiment,Paracentrotus lividus,marinespecies.org/aphia.php?p=taxdetails&id=124327,27-10-2022,31-10-2022,experiment2_multiple_drivers,ML1P2_24_R2,9,376.95,72.99,24,7.7,0.18,25.4,7.759162439,0.18,7.48,25.4,2555.17094,2554.99168,2555.08131,7.760571227,7.757798961,7.759185094,8,38,1,2.61E-05,943.4401,946.4475,943.4401,946.4475,943.4401,946.4475,0.002196,0.000148,0.00237,0.002555,2.300369,3.473538
P_lividus_2022,Laboratory microcosm experiment,Paracentrotus lividus,marinespecies.org/aphia.php?p=taxdetails&id=124327,27-10-2022,31-10-2022,experiment2_multiple_drivers,ML1P2_24_R2,10,380.77,73.94,24,7.7,0.18,25.4,7.759162439,0.18,7.48,25.4,2555.17094,2554.99168,2555.08131,7.760571227,7.757798961,7.759185094,8,38,1,2.61E-05,943.4401,946.4475,943.4401,946.4475,943.4401,946.4475,0.002196,0.000148,0.00237,0.002555,2.300369,3.473538
P_lividus_2022,Laboratory microcosm experiment,Paracentrotus lividus,marinespecies.org/aphia.php?p=taxdetails&id=124327,27-10-2022,31-10-2022,experiment2_multiple_drivers,ML1P2_24_R2,11,371.08,71.52,24,7.7,0.18,25.4,7.759162439,0.18,7.48,25.4,2555.17094,2554.99168,2555.08131,7.760571227,7.757798961,7.759185094,8,38,1,2.61E-05,943.4401,946.4475,943.4401,946.4475,943.4401,946.4475,0.002196,0.000148,0.00237,0.002555,2.300369,3.473538
P_lividus_2022,Laboratory microcosm experiment,Paracentrotus lividus,marinespecies.org/aphia.php?p=taxdetails&id=124327,27-10-2022,31-10-2022,experiment2_multiple_drivers,ML1P2_24_R2,12,337.02,63.01,24,7.7,0.18,25.4,7.759162439,0.18,7.48,25.4,2555.17094,2554.99168,2555.08131,7.760571227,7.757798961,7.759185094,8,38,1,2.61E-05,943.4401,946.4475,943.4401,946.4475,943.4401,946.4475,0.002196,0.000148,0.00237,0.002555,2.300369,3.473538
P_lividus_2022,Laboratory microcosm experiment,Paracentrotus lividus,marinespecies.org/aphia.php?p=taxdetails&id=124327,27-10-2022,31-10-2022,experiment2_multiple_drivers,ML1P2_24_R2,13,392.15,76.79,24,7.7,0.18,25.4,7.759162439,0.18,7.48,25.4,2555.17094,2554.99168,2555.08131,7.760571227,7.757798961,7.759185094,8,38,1,2.61E-05,943.4401,946.4475,943.4401,946.4475,943.4401,946.4475,0.002196,0.000148,0.00237,0.002555,2.300369,3.473538
P_lividus_2022,Laboratory microcosm experiment,Paracentrotus lividus,marinespecies.org/aphia.php?p=taxdetails&id=124327,27-10-2022,31-10-2022,experiment2_multiple_drivers,ML1P2_24_R2,14,374.23,72.31,24,7.7,0.18,25.4,7.759162439,0.18,7.48,25.4,2555.17094,2554.99168,2555.08131,7.760571227,7.757798961,7.759185094,8,38,1,2.61E-05,943.4401,946.4475,943.4401,946.4475,943.4401,946.4475,0.002196,0.000148,0.00237,0.002555,2.300369,3.473538
P_lividus_2022,Laboratory microcosm experiment,Paracentrotus lividus,marinespecies.org/aphia.php?p=taxdetails&id=124327,27-10-2022,31-10-2022,experiment2_multiple_drivers,ML1P2_24_R2,15,391.19,76.55,24,7.7,0.18,25.4,7.759162439,0.18,7.48,25.4,2555.17094,2554.99168,2555.08131,7.760571227,7.757798961,7.759185094,8,38,1,2.61E-05,943.4401,946.4475,943.4401,946.4475,943.4401,946.4475,0.002196,0.000148,0.00237,0.002555,2.300369,3.473538
P_lividus_2022,Laboratory microcosm experiment,Paracentrotus lividus,marinespecies.org/aphia.php?p=taxdetails&id=124328,27-10-2022,31-10-2022,experiment2_multiple_drivers,ML2P1_24_R1,1,354.83,67.46,24,8.1,7,25.4,7.973227924,7,7.94,25.4,2510.51616,2512.22776,2511.37196,7.969924972,7.976552043,7.973238507,8,38,1,1.44E-05,519.3387,520.9934,519.3387,520.9934,519.3387,520.9934,0.001979,0.000218,0.002211,0.002511,3.393444,5.124071
P_lividus_2022,Laboratory microcosm experiment,Paracentrotus lividus,marinespecies.org/aphia.php?p=taxdetails&id=124328,27-10-2022,31-10-2022,experiment2_multiple_drivers,ML2P1_24_R1,2,366.96,70.49,24,8.1,7,25.4,7.973227924,7,7.94,25.4,2510.51616,2512.22776,2511.37196,7.969924972,7.976552043,7.973238507,8,38,1,1.44E-05,519.3387,520.9934,519.3387,520.9934,519.3387,520.9934,0.001979,0.000218,0.002211,0.002511,3.393444,5.124071
P_lividus_2022,Laboratory microcosm experiment,Paracentrotus lividus,marinespecies.org/aphia.php?p=taxdetails&id=124328,27-10-2022,31-10-2022,experiment2_multiple_drivers,ML2P1_24_R1,3,344.69,64.92,24,8.1,7,25.4,7.973227924,7,7.94,25.4,2510.51616,2512.22776,2511.37196,7.969924972,7.976552043,7.973238507,8,38,1,1.44E-05,519.3387,520.9934,519.3387,520.9934,519.3387,520.9934,0.001979,0.000218,0.002211,0.002511,3.393444,5.124071
P_lividus_2022,Laboratory microcosm experiment,Paracentrotus lividus,marinespecies.org/aphia.php?p=taxdetails&id=124328,27-10-2022,31-10-2022,experiment2_multiple_drivers,ML2P1_24_R1,4,387.23,75.56,24,8.1,7,25.4,7.973227924,7,7.94,25.4,2510.51616,2512.22776,2511.37196,7.969924972,7.976552043,7.973238507,8,38,1,1.44E-05,519.3387,520.9934,519.3387,520.9934,519.3387,520.9934,0.001979,0.000218,0.002211,0.002511,3.393444,5.124071
P_lividus_2022,Laboratory microcosm experiment,Paracentrotus lividus,marinespecies.org/aphia.php?p=taxdetails&id=124328,27-10-2022,31-10-2022,experiment2_multiple_drivers,ML2P1_24_R1,5,374.17,72.29,24,8.1,7,25.4,7.973227924,7,7.94,25.4,2510.51616,2512.22776,2511.37196,7.969924972,7.976552043,7.973238507,8,38,1,1.44E-05,519.3387,520.9934,519.3387,520.9934,519.3387,520.9934,0.001979,0.000218,0.002211,0.002511,3.393444,5.124071
P_lividus_2022,Laboratory microcosm experiment,Paracentrotus lividus,marinespecies.org/aphia.php?p=taxdetails&id=124328,27-10-2022,31-10-2022,experiment2_multiple_drivers,ML2P1_24_R1,6,337.87,63.22,24,8.1,7,25.4,7.973227924,7,7.94,25.4,2510.51616,2512.22776,2511.37196,7.969924972,7.976552043,7.973238507,8,38,1,1.44E-05,519.3387,520.9934,519.3387,520.9934,519.3387,520.9934,0.001979,0.000218,0.002211,0.002511,3.393444,5.124071
P_lividus_2022,Laboratory microcosm experiment,Paracentrotus lividus,marinespecies.org/aphia.php?p=taxdetails&id=124328,27-10-2022,31-10-2022,experiment2_multiple_drivers,ML2P1_24_R1,7,326.02,60.26,24,8.1,7,25.4,7.973227924,7,7.94,25.4,2510.51616,2512.22776,2511.37196,7.969924972,7.976552043,7.973238507,8,38,1,1.44E-05,519.3387,520.9934,519.3387,520.9934,519.3387,520.9934,0.001979,0.000218,0.002211,0.002511,3.393444,5.124071
P_lividus_2022,Laboratory microcosm experiment,Paracentrotus lividus,marinespecies.org/aphia.php?p=taxdetails&id=124328,27-10-2022,31-10-2022,experiment2_multiple_drivers,ML2P1_24_R1,8,369.76,71.19,24,8.1,7,25.4,7.973227924,7,7.94,25.4,2510.51616,2512.22776,2511.37196,7.969924972,7.976552043,7.973238507,8,38,1,1.44E-05,519.3387,520.9934,519.3387,520.9934,519.3387,520.9934,0.001979,0.000218,0.002211,0.002511,3.393444,5.124071
P_lividus_2022,Laboratory microcosm experiment,Paracentrotus lividus,marinespecies.org/aphia.php?p=taxdetails&id=124328,27-10-2022,31-10-2022,experiment2_multiple_drivers,ML2P1_24_R1,9,384.28,74.82,24,8.1,7,25.4,7.973227924,7,7.94,25.4,2510.51616,2512.22776,2511.37196,7.969924972,7.976552043,7.973238507,8,38,1,1.44E-05,519.3387,520.9934,519.3387,520.9934,519.3387,520.9934,0.001979,0.000218,0.002211,0.002511,3.393444,5.124071
P_lividus_2022,Laboratory microcosm experiment,Paracentrotus lividus,marinespecies.org/aphia.php?p=taxdetails&id=124328,27-10-2022,31-10-2022,experiment2_multiple_drivers,ML2P1_24_R1,10,368.05,70.76,24,8.1,7,25.4,7.973227924,7,7.94,25.4,2510.51616,2512.22776,2511.37196,7.969924972,7.976552043,7.973238507,8,38,1,1.44E-05,519.3387,520.9934,519.3387,520.9934,519.3387,520.9934,0.001979,0.000218,0.002211,0.002511,3.393444,5.124071
P_lividus_2022,Laboratory microcosm experiment,Paracentrotus lividus,marinespecies.org/aphia.php?p=taxdetails&id=124328,27-10-2022,31-10-2022,experiment2_multiple_drivers,ML2P1_24_R1,11,379.14,73.54,24,8.1,7,25.4,7.973227924,7,7.94,25.4,2510.51616,2512.22776,2511.37196,7.969924972,7.976552043,7.973238507,8,38,1,1.44E-05,519.3387,520.9934,519.3387,520.9934,519.3387,520.9934,0.001979,0.000218,0.002211,0.002511,3.393444,5.124071
P_lividus_2022,Laboratory microcosm experiment,Paracentrotus lividus,marinespecies.org/aphia.php?p=taxdetails&id=124328,27-10-2022,31-10-2022,experiment2_multiple_drivers,ML2P1_24_R1,12,357.98,68.25,24,8.1,7,25.4,7.973227924,7,7.94,25.4,2510.51616,2512.22776,2511.37196,7.969924972,7.976552043,7.973238507,8,38,1,1.44E-05,519.3387,520.9934,519.3387,520.9934,519.3387,520.9934,0.001979,0.000218,0.002211,0.002511,3.393444,5.124071
P_lividus_2022,Laboratory microcosm experiment,Paracentrotus lividus,marinespecies.org/aphia.php?p=taxdetails&id=124328,27-10-2022,31-10-2022,experiment2_multiple_drivers,ML2P1_24_R1,13,394.98,77.49,24,8.1,7,25.4,7.973227924,7,7.94,25.4,2510.51616,2512.22776,2511.37196,7.969924972,7.976552043,7.973238507,8,38,1,1.44E-05,519.3387,520.9934,519.3387,520.9934,519.3387,520.9934,0.001979,0.000218,0.002211,0.002511,3.393444,5.124071
P_lividus_2022,Laboratory microcosm experiment,Paracentrotus lividus,marinespecies.org/aphia.php?p=taxdetails&id=124328,27-10-2022,31-10-2022,experiment2_multiple_drivers,ML2P1_24_R1,14,393.61,77.15,24,8.1,7,25.4,7.973227924,7,7.94,25.4,2510.51616,2512.22776,2511.37196,7.969924972,7.976552043,7.973238507,8,38,1,1.44E-05,519.3387,520.9934,519.3387,520.9934,519.3387,520.9934,0.001979,0.000218,0.002211,0.002511,3.393444,5.124071
P_lividus_2022,Laboratory microcosm experiment,Paracentrotus lividus,marinespecies.org/aphia.php?p=taxdetails&id=124328,27-10-2022,31-10-2022,experiment2_multiple_drivers,ML2P1_24_R1,15,369.27,71.07,24,8.1,7,25.4,7.973227924,7,7.94,25.4,2510.51616,2512.22776,2511.37196,7.969924972,7.976552043,7.973238507,8,38,1,1.44E-05,519.3387,520.9934,519.3387,520.9934,519.3387,520.9934,0.001979,0.000218,0.002211,0.002511,3.393444,5.124071
P_lividus_2022,Laboratory microcosm experiment,Paracentrotus lividus,marinespecies.org/aphia.php?p=taxdetails&id=124329,27-10-2022,31-10-2022,experiment2_multiple_drivers,ML2P1_24_R2,1,393.79,77.2,24,8.1,7,25.3,7.97516556,7,7.93,25.3,2507.95928,2508.41762,2508.18845,7.975287341,7.975064777,7.975176059,8,38,1,1.43E-05,515.9556,517.6015,515.9556,517.6015,515.9556,517.6015,0.001976,0.000218,0.002208,0.002508,3.389592,5.119847
P_lividus_2022,Laboratory microcosm experiment,Paracentrotus lividus,marinespecies.org/aphia.php?p=taxdetails&id=124329,27-10-2022,31-10-2022,experiment2_multiple_drivers,ML2P1_24_R2,2,372.53,71.88,24,8.1,7,25.3,7.97516556,7,7.93,25.3,2507.95928,2508.41762,2508.18845,7.975287341,7.975064777,7.975176059,8,38,1,1.43E-05,515.9556,517.6015,515.9556,517.6015,515.9556,517.6015,0.001976,0.000218,0.002208,0.002508,3.389592,5.119847
P_lividus_2022,Laboratory microcosm experiment,Paracentrotus lividus,marinespecies.org/aphia.php?p=taxdetails&id=124329,27-10-2022,31-10-2022,experiment2_multiple_drivers,ML2P1_24_R2,3,388.51,75.88,24,8.1,7,25.3,7.97516556,7,7.93,25.3,2507.95928,2508.41762,2508.18845,7.975287341,7.975064777,7.975176059,8,38,1,1.43E-05,515.9556,517.6015,515.9556,517.6015,515.9556,517.6015,0.001976,0.000218,0.002208,0.002508,3.389592,5.119847
P_lividus_2022,Laboratory microcosm experiment,Paracentrotus lividus,marinespecies.org/aphia.php?p=taxdetails&id=124329,27-10-2022,31-10-2022,experiment2_multiple_drivers,ML2P1_24_R2,4,378.11,73.28,24,8.1,7,25.3,7.97516556,7,7.93,25.3,2507.95928,2508.41762,2508.18845,7.975287341,7.975064777,7.975176059,8,38,1,1.43E-05,515.9556,517.6015,515.9556,517.6015,515.9556,517.6015,0.001976,0.000218,0.002208,0.002508,3.389592,5.119847
P_lividus_2022,Laboratory microcosm experiment,Paracentrotus lividus,marinespecies.org/aphia.php?p=taxdetails&id=124329,27-10-2022,31-10-2022,experiment2_multiple_drivers,ML2P1_24_R2,5,336.14,62.79,24,8.1,7,25.3,7.97516556,7,7.93,25.3,2507.95928,2508.41762,2508.18845,7.975287341,7.975064777,7.975176059,8,38,1,1.43E-05,515.9556,517.6015,515.9556,517.6015,515.9556,517.6015,0.001976,0.000218,0.002208,0.002508,3.389592,5.119847
P_lividus_2022,Laboratory microcosm experiment,Paracentrotus lividus,marinespecies.org/aphia.php?p=taxdetails&id=124329,27-10-2022,31-10-2022,experiment2_multiple_drivers,ML2P1_24_R2,6,367.26,70.56,24,8.1,7,25.3,7.97516556,7,7.93,25.3,2507.95928,2508.41762,2508.18845,7.975287341,7.975064777,7.975176059,8,38,1,1.43E-05,515.9556,517.6015,515.9556,517.6015,515.9556,517.6015,0.001976,0.000218,0.002208,0.002508,3.389592,5.119847
P_lividus_2022,Laboratory microcosm experiment,Paracentrotus lividus,marinespecies.org/aphia.php?p=taxdetails&id=124329,27-10-2022,31-10-2022,experiment2_multiple_drivers,ML2P1_24_R2,7,328.43,60.86,24,8.1,7,25.3,7.97516556,7,7.93,25.3,2507.95928,2508.41762,2508.18845,7.975287341,7.975064777,7.975176059,8,38,1,1.43E-05,515.9556,517.6015,515.9556,517.6015,515.9556,517.6015,0.001976,0.000218,0.002208,0.002508,3.389592,5.119847
P_lividus_2022,Laboratory microcosm experiment,Paracentrotus lividus,marinespecies.org/aphia.php?p=taxdetails&id=124329,27-10-2022,31-10-2022,experiment2_multiple_drivers,ML2P1_24_R2,8,367.06,70.52,24,8.1,7,25.3,7.97516556,7,7.93,25.3,2507.95928,2508.41762,2508.18845,7.975287341,7.975064777,7.975176059,8,38,1,1.43E-05,515.9556,517.6015,515.9556,517.6015,515.9556,517.6015,0.001976,0.000218,0.002208,0.002508,3.389592,5.119847
P_lividus_2022,Laboratory microcosm experiment,Paracentrotus lividus,marinespecies.org/aphia.php?p=taxdetails&id=124316,27-10-2022,31-10-2022,experiment2_multiple_drivers,ML1P1_20_R1,1,333.14,62.03,20,8.1,0.18,20.9,7.962883213,0.18,7.95,20.9,2525.64415,2521.2861,2523.465125,7.962862888,7.962923587,7.962893237,8,38,1,1.68E-05,540.0292,541.8477,540.0292,541.8477,540.0292,541.8477,0.002063,0.000188,0.002268,0.002523,2.875143,4.398856
P_lividus_2022,Laboratory microcosm experiment,Paracentrotus lividus,marinespecies.org/aphia.php?p=taxdetails&id=124316,27-10-2022,31-10-2022,experiment2_multiple_drivers,ML1P1_20_R1,2,341.39,64.1,20,8.1,0.18,20.9,7.962883213,0.18,7.95,20.9,2525.64415,2521.2861,2523.465125,7.962862888,7.962923587,7.962893237,8,38,1,1.68E-05,540.0292,541.8477,540.0292,541.8477,540.0292,541.8477,0.002063,0.000188,0.002268,0.002523,2.875143,4.398856
P_lividus_2022,Laboratory microcosm experiment,Paracentrotus lividus,marinespecies.org/aphia.php?p=taxdetails&id=124316,27-10-2022,31-10-2022,experiment2_multiple_drivers,ML1P1_20_R1,3,349.28,66.07,20,8.1,0.18,20.9,7.962883213,0.18,7.95,20.9,2525.64415,2521.2861,2523.465125,7.962862888,7.962923587,7.962893237,8,38,1,1.68E-05,540.0292,541.8477,540.0292,541.8477,540.0292,541.8477,0.002063,0.000188,0.002268,0.002523,2.875143,4.398856
P_lividus_2022,Laboratory microcosm experiment,Paracentrotus lividus,marinespecies.org/aphia.php?p=taxdetails&id=124316,27-10-2022,31-10-2022,experiment2_multiple_drivers,ML1P1_20_R1,4,342.44,64.36,20,8.1,0.18,20.9,7.962883213,0.18,7.95,20.9,2525.64415,2521.2861,2523.465125,7.962862888,7.962923587,7.962893237,8,38,1,1.68E-05,540.0292,541.8477,540.0292,541.8477,540.0292,541.8477,0.002063,0.000188,0.002268,0.002523,2.875143,4.398856
P_lividus_2022,Laboratory microcosm experiment,Paracentrotus lividus,marinespecies.org/aphia.php?p=taxdetails&id=124316,27-10-2022,31-10-2022,experiment2_multiple_drivers,ML1P1_20_R1,5,342.55,64.39,20,8.1,0.18,20.9,7.962883213,0.18,7.95,20.9,2525.64415,2521.2861,2523.465125,7.962862888,7.962923587,7.962893237,8,38,1,1.68E-05,540.0292,541.8477,540.0292,541.8477,540.0292,541.8477,0.002063,0.000188,0.002268,0.002523,2.875143,4.398856
P_lividus_2022,Laboratory microcosm experiment,Paracentrotus lividus,marinespecies.org/aphia.php?p=taxdetails&id=124316,27-10-2022,31-10-2022,experiment2_multiple_drivers,ML1P1_20_R1,6,344.67,64.92,20,8.1,0.18,20.9,7.962883213,0.18,7.95,20.9,2525.64415,2521.2861,2523.465125,7.962862888,7.962923587,7.962893237,8,38,1,1.68E-05,540.0292,541.8477,540.0292,541.8477,540.0292,541.8477,0.002063,0.000188,0.002268,0.002523,2.875143,4.398856
P_lividus_2022,Laboratory microcosm experiment,Paracentrotus lividus,marinespecies.org/aphia.php?p=taxdetails&id=124316,27-10-2022,31-10-2022,experiment2_multiple_drivers,ML1P1_20_R1,7,338.86,63.46,20,8.1,0.18,20.9,7.962883213,0.18,7.95,20.9,2525.64415,2521.2861,2523.465125,7.962862888,7.962923587,7.962893237,8,38,1,1.68E-05,540.0292,541.8477,540.0292,541.8477,540.0292,541.8477,0.002063,0.000188,0.002268,0.002523,2.875143,4.398856
P_lividus_2022,Laboratory microcosm experiment,Paracentrotus lividus,marinespecies.org/aphia.php?p=taxdetails&id=124316,27-10-2022,31-10-2022,experiment2_multiple_drivers,ML1P1_20_R1,8,342.61,64.4,20,8.1,0.18,20.9,7.962883213,0.18,7.95,20.9,2525.64415,2521.2861,2523.465125,7.962862888,7.962923587,7.962893237,8,38,1,1.68E-05,540.0292,541.8477,540.0292,541.8477,540.0292,541.8477,0.002063,0.000188,0.002268,0.002523,2.875143,4.398856
P_lividus_2022,Laboratory microcosm experiment,Paracentrotus lividus,marinespecies.org/aphia.php?p=taxdetails&id=124316,27-10-2022,31-10-2022,experiment2_multiple_drivers,ML1P1_20_R1,9,326.43,60.36,20,8.1,0.18,20.9,7.962883213,0.18,7.95,20.9,2525.64415,2521.2861,2523.465125,7.962862888,7.962923587,7.962893237,8,38,1,1.68E-05,540.0292,541.8477,540.0292,541.8477,540.0292,541.8477,0.002063,0.000188,0.002268,0.002523,2.875143,4.398856
P_lividus_2022,Laboratory microcosm experiment,Paracentrotus lividus,marinespecies.org/aphia.php?p=taxdetails&id=124317,27-10-2022,31-10-2022,experiment2_multiple_drivers,ML1P1_20_R2,1,379.43,73.61,20,8.1,0.18,20.7,7.971564531,0.18,7.98,20.7,2535.53921,2535.35106,2535.445135,7.96969229,7.973456046,7.971574168,8,38,1,1.66E-05,530.0505,531.8397,530.0505,531.8397,530.0505,531.8398,0.002069,0.000191,0.002276,0.002535,2.916859,4.465102
P_lividus_2022,Laboratory microcosm experiment,Paracentrotus lividus,marinespecies.org/aphia.php?p=taxdetails&id=124317,27-10-2022,31-10-2022,experiment2_multiple_drivers,ML1P1_20_R2,2,380.84,73.96,20,8.1,0.18,20.7,7.971564531,0.18,7.98,20.7,2535.53921,2535.35106,2535.445135,7.96969229,7.973456046,7.971574168,8,38,1,1.66E-05,530.0505,531.8397,530.0505,531.8397,530.0505,531.8398,0.002069,0.000191,0.002276,0.002535,2.916859,4.465102
P_lividus_2022,Laboratory microcosm experiment,Paracentrotus lividus,marinespecies.org/aphia.php?p=taxdetails&id=124317,27-10-2022,31-10-2022,experiment2_multiple_drivers,ML1P1_20_R2,3,383.33,74.58,20,8.1,0.18,20.7,7.971564531,0.18,7.98,20.7,2535.53921,2535.35106,2535.445135,7.96969229,7.973456046,7.971574168,8,38,1,1.66E-05,530.0505,531.8397,530.0505,531.8397,530.0505,531.8398,0.002069,0.000191,0.002276,0.002535,2.916859,4.465102
P_lividus_2022,Laboratory microcosm experiment,Paracentrotus lividus,marinespecies.org/aphia.php?p=taxdetails&id=124317,27-10-2022,31-10-2022,experiment2_multiple_drivers,ML1P1_20_R2,4,395.8,77.7,20,8.1,0.18,20.7,7.971564531,0.18,7.98,20.7,2535.53921,2535.35106,2535.445135,7.96969229,7.973456046,7.971574168,8,38,1,1.66E-05,530.0505,531.8397,530.0505,531.8397,530.0505,531.8398,0.002069,0.000191,0.002276,0.002535,2.916859,4.465102
P_lividus_2022,Laboratory microcosm experiment,Paracentrotus lividus,marinespecies.org/aphia.php?p=taxdetails&id=124317,27-10-2022,31-10-2022,experiment2_multiple_drivers,ML1P1_20_R2,5,388.17,75.79,20,8.1,0.18,20.7,7.971564531,0.18,7.98,20.7,2535.53921,2535.35106,2535.445135,7.96969229,7.973456046,7.971574168,8,38,1,1.66E-05,530.0505,531.8397,530.0505,531.8397,530.0505,531.8398,0.002069,0.000191,0.002276,0.002535,2.916859,4.465102
P_lividus_2022,Laboratory microcosm experiment,Paracentrotus lividus,marinespecies.org/aphia.php?p=taxdetails&id=124317,27-10-2022,31-10-2022,experiment2_multiple_drivers,ML1P1_20_R2,6,388.2,75.8,20,8.1,0.18,20.7,7.971564531,0.18,7.98,20.7,2535.53921,2535.35106,2535.445135,7.96969229,7.973456046,7.971574168,8,38,1,1.66E-05,530.0505,531.8397,530.0505,531.8397,530.0505,531.8398,0.002069,0.000191,0.002276,0.002535,2.916859,4.465102
P_lividus_2022,Laboratory microcosm experiment,Paracentrotus lividus,marinespecies.org/aphia.php?p=taxdetails&id=124317,27-10-2022,31-10-2022,experiment2_multiple_drivers,ML1P1_20_R2,7,370.87,71.47,20,8.1,0.18,20.7,7.971564531,0.18,7.98,20.7,2535.53921,2535.35106,2535.445135,7.96969229,7.973456046,7.971574168,8,38,1,1.66E-05,530.0505,531.8397,530.0505,531.8397,530.0505,531.8398,0.002069,0.000191,0.002276,0.002535,2.916859,4.465102
P_lividus_2022,Laboratory microcosm experiment,Paracentrotus lividus,marinespecies.org/aphia.php?p=taxdetails&id=124317,27-10-2022,31-10-2022,experiment2_multiple_drivers,ML1P1_20_R2,8,383.76,74.69,20,8.1,0.18,20.7,7.971564531,0.18,7.98,20.7,2535.53921,2535.35106,2535.445135,7.96969229,7.973456046,7.971574168,8,38,1,1.66E-05,530.0505,531.8397,530.0505,531.8397,530.0505,531.8398,0.002069,0.000191,0.002276,0.002535,2.916859,4.465102
P_lividus_2022,Laboratory microcosm experiment,Paracentrotus lividus,marinespecies.org/aphia.php?p=taxdetails&id=124317,27-10-2022,31-10-2022,experiment2_multiple_drivers,ML1P1_20_R2,9,388.86,75.96,20,8.1,0.18,20.7,7.971564531,0.18,7.98,20.7,2535.53921,2535.35106,2535.445135,7.96969229,7.973456046,7.971574168,8,38,1,1.66E-05,530.0505,531.8397,530.0505,531.8397,530.0505,531.8398,0.002069,0.000191,0.002276,0.002535,2.916859,4.465102
P_lividus_2022,Laboratory microcosm experiment,Paracentrotus lividus,marinespecies.org/aphia.php?p=taxdetails&id=124317,27-10-2022,31-10-2022,experiment2_multiple_drivers,ML1P1_20_R2,10,385.72,75.18,20,8.1,0.18,20.7,7.971564531,0.18,7.98,20.7,2535.53921,2535.35106,2535.445135,7.96969229,7.973456046,7.971574168,8,38,1,1.66E-05,530.0505,531.8397,530.0505,531.8397,530.0505,531.8398,0.002069,0.000191,0.002276,0.002535,2.916859,4.465102
P_lividus_2022,Laboratory microcosm experiment,Paracentrotus lividus,marinespecies.org/aphia.php?p=taxdetails&id=124322,27-10-2022,31-10-2022,experiment2_multiple_drivers,ML2P2_20_R1,1,350.37,66.34,20,7.7,7,20.8,7.679941691,7,7.52,20.8,2472.62231,2472.30285,2472.46258,7.67729338,7.682645568,7.679969474,8,38,1,3.47E-05,1111.544,1115.294,1111.544,1115.294,1111.544,1115.294,0.002215,0.000105,0.002355,0.002472,1.602574,2.452542
P_lividus_2022,Laboratory microcosm experiment,Paracentrotus lividus,marinespecies.org/aphia.php?p=taxdetails&id=124322,27-10-2022,31-10-2022,experiment2_multiple_drivers,ML2P2_20_R1,2,378.55,73.39,20,7.7,7,20.8,7.679941691,7,7.52,20.8,2472.62231,2472.30285,2472.46258,7.67729338,7.682645568,7.679969474,8,38,1,3.47E-05,1111.544,1115.294,1111.544,1115.294,1111.544,1115.294,0.002215,0.000105,0.002355,0.002472,1.602574,2.452542
P_lividus_2022,Laboratory microcosm experiment,Paracentrotus lividus,marinespecies.org/aphia.php?p=taxdetails&id=124322,27-10-2022,31-10-2022,experiment2_multiple_drivers,ML2P2_20_R1,3,369.05,71.01,20,7.7,7,20.8,7.679941691,7,7.52,20.8,2472.62231,2472.30285,2472.46258,7.67729338,7.682645568,7.679969474,8,38,1,3.47E-05,1111.544,1115.294,1111.544,1115.294,1111.544,1115.294,0.002215,0.000105,0.002355,0.002472,1.602574,2.452542
P_lividus_2022,Laboratory microcosm experiment,Paracentrotus lividus,marinespecies.org/aphia.php?p=taxdetails&id=124322,27-10-2022,31-10-2022,experiment2_multiple_drivers,ML2P2_20_R1,4,385.22,75.06,20,7.7,7,20.8,7.679941691,7,7.52,20.8,2472.62231,2472.30285,2472.46258,7.67729338,7.682645568,7.679969474,8,38,1,3.47E-05,1111.544,1115.294,1111.544,1115.294,1111.544,1115.294,0.002215,0.000105,0.002355,0.002472,1.602574,2.452542
P_lividus_2022,Laboratory microcosm experiment,Paracentrotus lividus,marinespecies.org/aphia.php?p=taxdetails&id=124322,27-10-2022,31-10-2022,experiment2_multiple_drivers,ML2P2_20_R1,5,397.82,78.21,20,7.7,7,20.8,7.679941691,7,7.52,20.8,2472.62231,2472.30285,2472.46258,7.67729338,7.682645568,7.679969474,8,38,1,3.47E-05,1111.544,1115.294,1111.544,1115.294,1111.544,1115.294,0.002215,0.000105,0.002355,0.002472,1.602574,2.452542
P_lividus_2022,Laboratory microcosm experiment,Paracentrotus lividus,marinespecies.org/aphia.php?p=taxdetails&id=124322,27-10-2022,31-10-2022,experiment2_multiple_drivers,ML2P2_20_R1,6,400.88,78.97,20,7.7,7,20.8,7.679941691,7,7.52,20.8,2472.62231,2472.30285,2472.46258,7.67729338,7.682645568,7.679969474,8,38,1,3.47E-05,1111.544,1115.294,1111.544,1115.294,1111.544,1115.294,0.002215,0.000105,0.002355,0.002472,1.602574,2.452542
P_lividus_2022,Laboratory microcosm experiment,Paracentrotus lividus,marinespecies.org/aphia.php?p=taxdetails&id=124323,27-10-2022,31-10-2022,experiment2_multiple_drivers,ML2P2_20_R2,1,381.22,74.05,20,7.7,7,20.5,7.696207593,8,7.54,20.5,2506.58495,2498.59898,2502.591965,7.693795139,7.698671783,7.696233461,8,38,1,3.39E-05,1078.968,1082.622,1078.968,1082.622,1078.968,1082.622,0.002236,0.000109,0.002379,0.002503,1.659289,2.541395
P_lividus_2022,Laboratory microcosm experiment,Paracentrotus lividus,marinespecies.org/aphia.php?p=taxdetails&id=124323,27-10-2022,31-10-2022,experiment2_multiple_drivers,ML2P2_20_R2,2,384.17,74.79,20,7.7,7,20.5,7.696207593,8,7.54,20.5,2506.58495,2498.59898,2502.591965,7.693795139,7.698671783,7.696233461,8,38,1,3.39E-05,1078.968,1082.622,1078.968,1082.622,1078.968,1082.622,0.002236,0.000109,0.002379,0.002503,1.659289,2.541395
P_lividus_2022,Laboratory microcosm experiment,Paracentrotus lividus,marinespecies.org/aphia.php?p=taxdetails&id=124323,27-10-2022,31-10-2022,experiment2_multiple_drivers,ML2P2_20_R2,3,355.4,67.6,20,7.7,7,20.5,7.696207593,8,7.54,20.5,2506.58495,2498.59898,2502.591965,7.693795139,7.698671783,7.696233461,8,38,1,3.39E-05,1078.968,1082.622,1078.968,1082.622,1078.968,1082.622,0.002236,0.000109,0.002379,0.002503,1.659289,2.541395
P_lividus_2022,Laboratory microcosm experiment,Paracentrotus lividus,marinespecies.org/aphia.php?p=taxdetails&id=124323,27-10-2022,31-10-2022,experiment2_multiple_drivers,ML2P2_20_R2,4,343.73,64.68,20,7.7,7,20.5,7.696207593,8,7.54,20.5,2506.58495,2498.59898,2502.591965,7.693795139,7.698671783,7.696233461,8,38,1,3.39E-05,1078.968,1082.622,1078.968,1082.622,1078.968,1082.622,0.002236,0.000109,0.002379,0.002503,1.659289,2.541395
P_lividus_2022,Laboratory microcosm experiment,Paracentrotus lividus,marinespecies.org/aphia.php?p=taxdetails&id=124323,27-10-2022,31-10-2022,experiment2_multiple_drivers,ML2P2_20_R2,5,356.3,67.83,20,7.7,7,20.5,7.696207593,8,7.54,20.5,2506.58495,2498.59898,2502.591965,7.693795139,7.698671783,7.696233461,8,38,1,3.39E-05,1078.968,1082.622,1078.968,1082.622,1078.968,1082.622,0.002236,0.000109,0.002379,0.002503,1.659289,2.541395
P_lividus_2022,Laboratory microcosm experiment,Paracentrotus lividus,marinespecies.org/aphia.php?p=taxdetails&id=124323,27-10-2022,31-10-2022,experiment2_multiple_drivers,ML2P2_20_R2,6,346.94,65.48,20,7.7,7,20.5,7.696207593,8,7.54,20.5,2506.58495,2498.59898,2502.591965,7.693795139,7.698671783,7.696233461,8,38,1,3.39E-05,1078.968,1082.622,1078.968,1082.622,1078.968,1082.622,0.002236,0.000109,0.002379,0.002503,1.659289,2.541395
P_lividus_2022,Laboratory microcosm experiment,Paracentrotus lividus,marinespecies.org/aphia.php?p=taxdetails&id=124323,27-10-2022,31-10-2022,experiment2_multiple_drivers,ML2P2_20_R2,7,394.17,77.29,20,7.7,7,20.5,7.696207593,8,7.54,20.5,2506.58495,2498.59898,2502.591965,7.693795139,7.698671783,7.696233461,8,38,1,3.39E-05,1078.968,1082.622,1078.968,1082.622,1078.968,1082.622,0.002236,0.000109,0.002379,0.002503,1.659289,2.541395
P_lividus_2022,Laboratory microcosm experiment,Paracentrotus lividus,marinespecies.org/aphia.php?p=taxdetails&id=124324,27-10-2022,31-10-2022,experiment2_multiple_drivers,ML1P1_24_R1,1,418.23,83.31,24,8.1,0.18,25.5,7.968836716,0.18,7.94,25.4,2512.13766,2514.88069,2513.509175,7.967820529,7.969874389,7.968847459,8,38,1,1.46E-05,526.2083,527.8848,526.2083,527.8848,526.2083,527.8848,0.001985,0.000217,0.002216,0.002514,3.369501,5.087917
P_lividus_2022,Laboratory microcosm experiment,Paracentrotus lividus,marinespecies.org/aphia.php?p=taxdetails&id=124324,27-10-2022,31-10-2022,experiment2_multiple_drivers,ML1P1_24_R1,2,416.79,82.95,24,8.1,0.18,25.5,7.968836716,0.18,7.94,25.4,2512.13766,2514.88069,2513.509175,7.967820529,7.969874389,7.968847459,8,38,1,1.46E-05,526.2083,527.8848,526.2083,527.8848,526.2083,527.8848,0.001985,0.000217,0.002216,0.002514,3.369501,5.087917
P_lividus_2022,Laboratory microcosm experiment,Paracentrotus lividus,marinespecies.org/aphia.php?p=taxdetails&id=124324,27-10-2022,31-10-2022,experiment2_multiple_drivers,ML1P1_24_R1,3,366.46,70.36,24,8.1,0.18,25.5,7.968836716,0.18,7.94,25.4,2512.13766,2514.88069,2513.509175,7.967820529,7.969874389,7.968847459,8,38,1,1.46E-05,526.2083,527.8848,526.2083,527.8848,526.2083,527.8848,0.001985,0.000217,0.002216,0.002514,3.369501,5.087917
P_lividus_2022,Laboratory microcosm experiment,Paracentrotus lividus,marinespecies.org/aphia.php?p=taxdetails&id=124324,27-10-2022,31-10-2022,experiment2_multiple_drivers,ML1P1_24_R1,4,351.77,66.69,24,8.1,0.18,25.5,7.968836716,0.18,7.94,25.4,2512.13766,2514.88069,2513.509175,7.967820529,7.969874389,7.968847459,8,38,1,1.46E-05,526.2083,527.8848,526.2083,527.8848,526.2083,527.8848,0.001985,0.000217,0.002216,0.002514,3.369501,5.087917
P_lividus_2022,Laboratory microcosm experiment,Paracentrotus lividus,marinespecies.org/aphia.php?p=taxdetails&id=124324,27-10-2022,31-10-2022,experiment2_multiple_drivers,ML1P1_24_R1,5,376.15,72.79,24,8.1,0.18,25.5,7.968836716,0.18,7.94,25.4,2512.13766,2514.88069,2513.509175,7.967820529,7.969874389,7.968847459,8,38,1,1.46E-05,526.2083,527.8848,526.2083,527.8848,526.2083,527.8848,0.001985,0.000217,0.002216,0.002514,3.369501,5.087917
P_lividus_2022,Laboratory microcosm experiment,Paracentrotus lividus,marinespecies.org/aphia.php?p=taxdetails&id=124324,27-10-2022,31-10-2022,experiment2_multiple_drivers,ML1P1_24_R1,6,390.3,76.33,24,8.1,0.18,25.5,7.968836716,0.18,7.94,25.4,2512.13766,2514.88069,2513.509175,7.967820529,7.969874389,7.968847459,8,38,1,1.46E-05,526.2083,527.8848,526.2083,527.8848,526.2083,527.8848,0.001985,0.000217,0.002216,0.002514,3.369501,5.087917
P_lividus_2022,Laboratory microcosm experiment,Paracentrotus lividus,marinespecies.org/aphia.php?p=taxdetails&id=124324,27-10-2022,31-10-2022,experiment2_multiple_drivers,ML1P1_24_R1,7,386.75,75.44,24,8.1,0.18,25.5,7.968836716,0.18,7.94,25.4,2512.13766,2514.88069,2513.509175,7.967820529,7.969874389,7.968847459,8,38,1,1.46E-05,526.2083,527.8848,526.2083,527.8848,526.2083,527.8848,0.001985,0.000217,0.002216,0.002514,3.369501,5.087917
P_lividus_2022,Laboratory microcosm experiment,Paracentrotus lividus,marinespecies.org/aphia.php?p=taxdetails&id=124324,27-10-2022,31-10-2022,experiment2_multiple_drivers,ML1P1_24_R1,8,386.57,75.39,24,8.1,0.18,25.5,7.968836716,0.18,7.94,25.4,2512.13766,2514.88069,2513.509175,7.967820529,7.969874389,7.968847459,8,38,1,1.46E-05,526.2083,527.8848,526.2083,527.8848,526.2083,527.8848,0.001985,0.000217,0.002216,0.002514,3.369501,5.087917
P_lividus_2022,Laboratory microcosm experiment,Paracentrotus lividus,marinespecies.org/aphia.php?p=taxdetails&id=124324,27-10-2022,31-10-2022,experiment2_multiple_drivers,ML1P1_24_R1,9,418.33,83.33,24,8.1,0.18,25.5,7.968836716,0.18,7.94,25.4,2512.13766,2514.88069,2513.509175,7.967820529,7.969874389,7.968847459,8,38,1,1.46E-05,526.2083,527.8848,526.2083,527.8848,526.2083,527.8848,0.001985,0.000217,0.002216,0.002514,3.369501,5.087917
P_lividus_2022,Laboratory microcosm experiment,Paracentrotus lividus,marinespecies.org/aphia.php?p=taxdetails&id=124324,27-10-2022,31-10-2022,experiment2_multiple_drivers,ML1P1_24_R1,10,378.24,73.31,24,8.1,0.18,25.5,7.968836716,0.18,7.94,25.4,2512.13766,2514.88069,2513.509175,7.967820529,7.969874389,7.968847459,8,38,1,1.46E-05,526.2083,527.8848,526.2083,527.8848,526.2083,527.8848,0.001985,0.000217,0.002216,0.002514,3.369501,5.087917
P_lividus_2022,Laboratory microcosm experiment,Paracentrotus lividus,marinespecies.org/aphia.php?p=taxdetails&id=124325,27-10-2022,31-10-2022,experiment2_multiple_drivers,ML1P1_24_R2,1,345.95,65.24,24,8.1,0.18,25.6,7.963787783,0.18,7.91,25.6,2512.63124,2513.9191,2513.27517,7.963773444,7.963824092,7.963798768,8,38,1,1.47E-05,533.4151,535.1105,533.4151,535.1105,533.4151,535.1105,0.001986,0.000216,0.002217,0.002513,3.360762,5.071553
P_lividus_2022,Laboratory microcosm experiment,Paracentrotus lividus,marinespecies.org/aphia.php?p=taxdetails&id=124325,27-10-2022,31-10-2022,experiment2_multiple_drivers,ML1P1_24_R2,2,366.02,70.26,24,8.1,0.18,25.6,7.963787783,0.18,7.91,25.6,2512.63124,2513.9191,2513.27517,7.963773444,7.963824092,7.963798768,8,38,1,1.47E-05,533.4151,535.1105,533.4151,535.1105,533.4151,535.1105,0.001986,0.000216,0.002217,0.002513,3.360762,5.071553
P_lividus_2022,Laboratory microcosm experiment,Paracentrotus lividus,marinespecies.org/aphia.php?p=taxdetails&id=124325,27-10-2022,31-10-2022,experiment2_multiple_drivers,ML1P1_24_R2,3,341.77,64.19,24,8.1,0.18,25.6,7.963787783,0.18,7.91,25.6,2512.63124,2513.9191,2513.27517,7.963773444,7.963824092,7.963798768,8,38,1,1.47E-05,533.4151,535.1105,533.4151,535.1105,533.4151,535.1105,0.001986,0.000216,0.002217,0.002513,3.360762,5.071553
P_lividus_2022,Laboratory microcosm experiment,Paracentrotus lividus,marinespecies.org/aphia.php?p=taxdetails&id=124325,27-10-2022,31-10-2022,experiment2_multiple_drivers,ML1P1_24_R2,4,360.7,68.93,24,8.1,0.18,25.6,7.963787783,0.18,7.91,25.6,2512.63124,2513.9191,2513.27517,7.963773444,7.963824092,7.963798768,8,38,1,1.47E-05,533.4151,535.1105,533.4151,535.1105,533.4151,535.1105,0.001986,0.000216,0.002217,0.002513,3.360762,5.071553
P_lividus_2022,Laboratory microcosm experiment,Paracentrotus lividus,marinespecies.org/aphia.php?p=taxdetails&id=124325,27-10-2022,31-10-2022,experiment2_multiple_drivers,ML1P1_24_R2,5,346.05,65.26,24,8.1,0.18,25.6,7.963787783,0.18,7.91,25.6,2512.63124,2513.9191,2513.27517,7.963773444,7.963824092,7.963798768,8,38,1,1.47E-05,533.4151,535.1105,533.4151,535.1105,533.4151,535.1105,0.001986,0.000216,0.002217,0.002513,3.360762,5.071553
P_lividus_2022,Laboratory microcosm experiment,Paracentrotus lividus,marinespecies.org/aphia.php?p=taxdetails&id=124325,27-10-2022,31-10-2022,experiment2_multiple_drivers,ML1P1_24_R2,6,357.78,68.19,24,8.1,0.18,25.6,7.963787783,0.18,7.91,25.6,2512.63124,2513.9191,2513.27517,7.963773444,7.963824092,7.963798768,8,38,1,1.47E-05,533.4151,535.1105,533.4151,535.1105,533.4151,535.1105,0.001986,0.000216,0.002217,0.002513,3.360762,5.071553
P_lividus_2022,Laboratory microcosm experiment,Paracentrotus lividus,marinespecies.org/aphia.php?p=taxdetails&id=124325,27-10-2022,31-10-2022,experiment2_multiple_drivers,ML1P1_24_R2,7,356.8,67.95,24,8.1,0.18,25.6,7.963787783,0.18,7.91,25.6,2512.63124,2513.9191,2513.27517,7.963773444,7.963824092,7.963798768,8,38,1,1.47E-05,533.4151,535.1105,533.4151,535.1105,533.4151,535.1105,0.001986,0.000216,0.002217,0.002513,3.360762,5.071553
P_lividus_2022,Laboratory microcosm experiment,Paracentrotus lividus,marinespecies.org/aphia.php?p=taxdetails&id=124325,27-10-2022,31-10-2022,experiment2_multiple_drivers,ML1P1_24_R2,8,362.61,69.4,24,8.1,0.18,25.6,7.963787783,0.18,7.91,25.6,2512.63124,2513.9191,2513.27517,7.963773444,7.963824092,7.963798768,8,38,1,1.47E-05,533.4151,535.1105,533.4151,535.1105,533.4151,535.1105,0.001986,0.000216,0.002217,0.002513,3.360762,5.071553
P_lividus_2022,Laboratory microcosm experiment,Paracentrotus lividus,marinespecies.org/aphia.php?p=taxdetails&id=124325,27-10-2022,31-10-2022,experiment2_multiple_drivers,ML1P1_24_R2,9,356.11,67.78,24,8.1,0.18,25.6,7.963787783,0.18,7.91,25.6,2512.63124,2513.9191,2513.27517,7.963773444,7.963824092,7.963798768,8,38,1,1.47E-05,533.4151,535.1105,533.4151,535.1105,533.4151,535.1105,0.001986,0.000216,0.002217,0.002513,3.360762,5.071553
P_lividus_2022,Laboratory microcosm experiment,Paracentrotus lividus,marinespecies.org/aphia.php?p=taxdetails&id=124325,27-10-2022,31-10-2022,experiment2_multiple_drivers,ML1P1_24_R2,10,368.16,70.79,24,8.1,0.18,25.6,7.963787783,0.18,7.91,25.6,2512.63124,2513.9191,2513.27517,7.963773444,7.963824092,7.963798768,8,38,1,1.47E-05,533.4151,535.1105,533.4151,535.1105,533.4151,535.1105,0.001986,0.000216,0.002217,0.002513,3.360762,5.071553
P_lividus_2022,Laboratory microcosm experiment,Paracentrotus lividus,marinespecies.org/aphia.php?p=taxdetails&id=124330,27-10-2022,31-10-2022,experiment2_multiple_drivers,ML2P2_24_R1,1,362.74,69.43,24,7.7,7,25.5,7.760998603,7,7.51,25.5,2517.40563,2515.61425,2516.50994,7.757151435,7.764891395,7.761021415,8,38,1,2.55E-05,924.4191,927.3622,924.4191,927.3622,924.4191,927.3622,0.002159,0.000147,0.002332,0.002517,2.281158,3.443455
P_lividus_2022,Laboratory microcosm experiment,Paracentrotus lividus,marinespecies.org/aphia.php?p=taxdetails&id=124330,27-10-2022,31-10-2022,experiment2_multiple_drivers,ML2P2_24_R1,2,358.14,68.29,24,7.7,7,25.5,7.760998603,7,7.51,25.5,2517.40563,2515.61425,2516.50994,7.757151435,7.764891395,7.761021415,8,38,1,2.55E-05,924.4191,927.3622,924.4191,927.3622,924.4191,927.3622,0.002159,0.000147,0.002332,0.002517,2.281158,3.443455
P_lividus_2022,Laboratory microcosm experiment,Paracentrotus lividus,marinespecies.org/aphia.php?p=taxdetails&id=124330,27-10-2022,31-10-2022,experiment2_multiple_drivers,ML2P2_24_R1,3,363.08,69.52,24,7.7,7,25.5,7.760998603,7,7.51,25.5,2517.40563,2515.61425,2516.50994,7.757151435,7.764891395,7.761021415,8,38,1,2.55E-05,924.4191,927.3622,924.4191,927.3622,924.4191,927.3622,0.002159,0.000147,0.002332,0.002517,2.281158,3.443455
P_lividus_2022,Laboratory microcosm experiment,Paracentrotus lividus,marinespecies.org/aphia.php?p=taxdetails&id=124330,27-10-2022,31-10-2022,experiment2_multiple_drivers,ML2P2_24_R1,4,361.03,69.01,24,7.7,7,25.5,7.760998603,7,7.51,25.5,2517.40563,2515.61425,2516.50994,7.757151435,7.764891395,7.761021415,8,38,1,2.55E-05,924.4191,927.3622,924.4191,927.3622,924.4191,927.3622,0.002159,0.000147,0.002332,0.002517,2.281158,3.443455
P_lividus_2022,Laboratory microcosm experiment,Paracentrotus lividus,marinespecies.org/aphia.php?p=taxdetails&id=124330,27-10-2022,31-10-2022,experiment2_multiple_drivers,ML2P2_24_R1,5,368.79,70.95,24,7.7,7,25.5,7.760998603,7,7.51,25.5,2517.40563,2515.61425,2516.50994,7.757151435,7.764891395,7.761021415,8,38,1,2.55E-05,924.4191,927.3622,924.4191,927.3622,924.4191,927.3622,0.002159,0.000147,0.002332,0.002517,2.281158,3.443455
P_lividus_2022,Laboratory microcosm experiment,Paracentrotus lividus,marinespecies.org/aphia.php?p=taxdetails&id=124330,27-10-2022,31-10-2022,experiment2_multiple_drivers,ML2P2_24_R1,6,369.1,71.03,24,7.7,7,25.5,7.760998603,7,7.51,25.5,2517.40563,2515.61425,2516.50994,7.757151435,7.764891395,7.761021415,8,38,1,2.55E-05,924.4191,927.3622,924.4191,927.3622,924.4191,927.3622,0.002159,0.000147,0.002332,0.002517,2.281158,3.443455
P_lividus_2022,Laboratory microcosm experiment,Paracentrotus lividus,marinespecies.org/aphia.php?p=taxdetails&id=124330,27-10-2022,31-10-2022,experiment2_multiple_drivers,ML2P2_24_R1,7,372.84,71.96,24,7.7,7,25.5,7.760998603,7,7.51,25.5,2517.40563,2515.61425,2516.50994,7.757151435,7.764891395,7.761021415,8,38,1,2.55E-05,924.4191,927.3622,924.4191,927.3622,924.4191,927.3622,0.002159,0.000147,0.002332,0.002517,2.281158,3.443455
P_lividus_2022,Laboratory microcosm experiment,Paracentrotus lividus,marinespecies.org/aphia.php?p=taxdetails&id=124330,27-10-2022,31-10-2022,experiment2_multiple_drivers,ML2P2_24_R1,8,353.7,67.18,24,7.7,7,25.5,7.760998603,7,7.51,25.5,2517.40563,2515.61425,2516.50994,7.757151435,7.764891395,7.761021415,8,38,1,2.55E-05,924.4191,927.3622,924.4191,927.3622,924.4191,927.3622,0.002159,0.000147,0.002332,0.002517,2.281158,3.443455
P_lividus_2022,Laboratory microcosm experiment,Paracentrotus lividus,marinespecies.org/aphia.php?p=taxdetails&id=124330,27-10-2022,31-10-2022,experiment2_multiple_drivers,ML2P2_24_R1,9,359.61,68.65,24,7.7,7,25.5,7.760998603,7,7.51,25.5,2517.40563,2515.61425,2516.50994,7.757151435,7.764891395,7.761021415,8,38,1,2.55E-05,924.4191,927.3622,924.4191,927.3622,924.4191,927.3622,0.002159,0.000147,0.002332,0.002517,2.281158,3.443455
P_lividus_2022,Laboratory microcosm experiment,Paracentrotus lividus,marinespecies.org/aphia.php?p=taxdetails&id=124330,27-10-2022,31-10-2022,experiment2_multiple_drivers,ML2P2_24_R1,10,360.12,68.78,24,7.7,7,25.5,7.760998603,7,7.51,25.5,2517.40563,2515.61425,2516.50994,7.757151435,7.764891395,7.761021415,8,38,1,2.55E-05,924.4191,927.3622,924.4191,927.3622,924.4191,927.3622,0.002159,0.000147,0.002332,0.002517,2.281158,3.443455
P_lividus_2022,Laboratory microcosm experiment,Paracentrotus lividus,marinespecies.org/aphia.php?p=taxdetails&id=124331,27-10-2022,31-10-2022,experiment2_multiple_drivers,ML2P2_24_R2,1,355.37,67.59,24,7.7,7,25.6,7.75042988,8,7.47,25.6,2517.44672,2517.02952,2517.23812,7.752851501,7.748055724,7.750453613,8,38,1,2.62E-05,950.7883,953.8117,950.7883,953.8117,950.7883,953.8118,0.002166,0.000144,0.002337,0.002517,2.242673,3.384303
P_lividus_2022,Laboratory microcosm experiment,Paracentrotus lividus,marinespecies.org/aphia.php?p=taxdetails&id=124331,27-10-2022,31-10-2022,experiment2_multiple_drivers,ML2P2_24_R2,2,353.06,67.02,24,7.7,7,25.6,7.75042988,8,7.47,25.6,2517.44672,2517.02952,2517.23812,7.752851501,7.748055724,7.750453613,8,38,1,2.62E-05,950.7883,953.8117,950.7883,953.8117,950.7883,953.8118,0.002166,0.000144,0.002337,0.002517,2.242673,3.384303
P_lividus_2022,Laboratory microcosm experiment,Paracentrotus lividus,marinespecies.org/aphia.php?p=taxdetails&id=124331,27-10-2022,31-10-2022,experiment2_multiple_drivers,ML2P2_24_R2,3,402.18,79.29,24,7.7,7,25.6,7.75042988,8,7.47,25.6,2517.44672,2517.02952,2517.23812,7.752851501,7.748055724,7.750453613,8,38,1,2.62E-05,950.7883,953.8117,950.7883,953.8117,950.7883,953.8118,0.002166,0.000144,0.002337,0.002517,2.242673,3.384303
P_lividus_2022,Laboratory microcosm experiment,Paracentrotus lividus,marinespecies.org/aphia.php?p=taxdetails&id=124331,27-10-2022,31-10-2022,experiment2_multiple_drivers,ML2P2_24_R2,4,357.62,68.15,24,7.7,7,25.6,7.75042988,8,7.47,25.6,2517.44672,2517.02952,2517.23812,7.752851501,7.748055724,7.750453613,8,38,1,2.62E-05,950.7883,953.8117,950.7883,953.8117,950.7883,953.8118,0.002166,0.000144,0.002337,0.002517,2.242673,3.384303
P_lividus_2022,Laboratory microcosm experiment,Paracentrotus lividus,marinespecies.org/aphia.php?p=taxdetails&id=124331,27-10-2022,31-10-2022,experiment2_multiple_drivers,ML2P2_24_R2,5,354.93,67.48,24,7.7,7,25.6,7.75042988,8,7.47,25.6,2517.44672,2517.02952,2517.23812,7.752851501,7.748055724,7.750453613,8,38,1,2.62E-05,950.7883,953.8117,950.7883,953.8117,950.7883,953.8118,0.002166,0.000144,0.002337,0.002517,2.242673,3.384303
P_lividus_2022,Laboratory microcosm experiment,Paracentrotus lividus,marinespecies.org/aphia.php?p=taxdetails&id=124331,27-10-2022,31-10-2022,experiment2_multiple_drivers,ML2P2_24_R2,6,331.59,61.65,24,7.7,7,25.6,7.75042988,8,7.47,25.6,2517.44672,2517.02952,2517.23812,7.752851501,7.748055724,7.750453613,8,38,1,2.62E-05,950.7883,953.8117,950.7883,953.8117,950.7883,953.8118,0.002166,0.000144,0.002337,0.002517,2.242673,3.384303
P_lividus_2022,Laboratory microcosm experiment,Paracentrotus lividus,marinespecies.org/aphia.php?p=taxdetails&id=124331,27-10-2022,31-10-2022,experiment2_multiple_drivers,ML2P2_24_R2,7,370.63,71.41,24,7.7,7,25.6,7.75042988,8,7.47,25.6,2517.44672,2517.02952,2517.23812,7.752851501,7.748055724,7.750453613,8,38,1,2.62E-05,950.7883,953.8117,950.7883,953.8117,950.7883,953.8118,0.002166,0.000144,0.002337,0.002517,2.242673,3.384303
P_lividus_2022,Laboratory microcosm experiment,Paracentrotus lividus,marinespecies.org/aphia.php?p=taxdetails&id=124331,27-10-2022,31-10-2022,experiment2_multiple_drivers,ML2P2_24_R2,8,342.03,64.26,24,7.7,7,25.6,7.75042988,8,7.47,25.6,2517.44672,2517.02952,2517.23812,7.752851501,7.748055724,7.750453613,8,38,1,2.62E-05,950.7883,953.8117,950.7883,953.8117,950.7883,953.8118,0.002166,0.000144,0.002337,0.002517,2.242673,3.384303